text,summary
"Ang Defence Estates, na tumatakbo ng mga 2,400 ektarya para sa MoD, ay pinapalitan ng bagong Defence Infructment Organisation na ito. Ang MoD ay nagsabi na ang mga pagbabago ay makapagliligtas ng £1.2bn sa mga unang apat na taon. Ang unyong pang-ekonomiya ay nagsabi na ang desisyon ay ""absoluted influsion"" at hinimok ang pamahalaan na baguhin ang isip nito. Ang mga plano upang magkaroon ng mga trabahong pang-ekonomiya ay ibinalangkas sa nakaraang taon. Ang kagawaran ay nagsasabi na ito ay magreresulta sa mga pagbabago ng kalakalan, na ito'y ang mga sentral na mga gusaling pang-eksibilyan ay maghahatid ng mga gusali at maghahatid dito sa mga gusaling pang-edyerto.""","Halos 2,500 Ministry of Defence na trabaho ang mawawala sa loob ng tatlong taon, habang binabago ng departamento ang paraan ng pangangasiwa nito sa lupa at mga gusali nito."
"Sa pamamagitan ng Danny ShawHome affairs accounting Joseph McCann, 34, ay sinasabing dinukot at dinahas ang tatlong babae sa hilaga ng London at Watford noong nakaraang linggo. Siya ay hindi-ngunit dapat na natukoy sa Parle McC bago siya napalaya sa bilangguan noong Pebrero, habang kalahati sa pamamagitan ng pag-aalsa sa isang pangungusap para sa panloloob. Ang Ministri ng Katarungan ay sinabi na ang isang ""urgent review"" ng kaso ay nasa ilalim ng daan. McCann noong 2008 dahil sa pag-aalsa sa loob ng isang tahanan ng isang 85-yeard. Ang kanyang pa lamang na ito ay ibinigay sa pamamagitan ng isang uncrecement-OF. Ang isang under-OFORCOF.","Ang pinaghihinalaang tripleng manggagahasa na hinuhuli ng pulisya ay maaaring nagkamaling napalaya mula sa bilangguan, ito ay lumitaw."
"Ang pag-ibig sa paglipad at mga gawain sa tubig ay maaaring mukhang may kasamang mas batang lalaking may katulad na interes - ay kinakailangang mag-iimbestiga sa paglangoy, paglipad at ang buhay sa labas ng bahay. Sa merkado ng isang mahusay na guggle - no feather prucders sa Irlanda ay maaring mag-eensave sa pamamagitan ng pag-eendorso. """,21-year-gold na ibon ang naghahanap ng bagong tao para sa pakikipagsamahan at posibleng higit pa.
"Everton Nurseries na malapit sa Lymington, si Hampshire ay nagpamalas ng isang tanda na humihimok sa mga parokyano na ""mag - alaga ng mga prutas"" sa metaled platform. Sinabi ng mga kaibigan ng Lupa na ito ay ""maling - mali"" upang himukin ang paggamit ng kemikal na inilarawan upang ipagbawal ang mga pagkabahala tungkol sa mga epekto nito sa buhay - iláng. Ang tindahan nang maglaon ay gumamit ng mga apolog, sinasabing ito'y ""ganap na mali"". Ang pamahalaan ay nagpahayag ng benta ng Method.",Ang isang sentro ng hardin ay binatikos dahil sa pagtataguyod ng mga di-maagang-to-be-banned shutflies.
"Ang mga bisita ay nagrereklamo tungkol sa mga oras-habang paghihintay sa labas sa Leicester Royal Infirmary na humahantong sa mga hindi nakaalsang mga appointment. Inamin ng mga opisyal na may malalang problema sa mga oras. Kapuwa ang konseho ng ospital at lungsod ay naggigiit na sila ay tumitingin sa mga solusyon kabilang ang mga bagong parke ng kotse ngunit ang mga isyu sa pag-aanunsyo sa University Hospital NHS Trust, sinabi ng mga opisyal na hindi kayang harapin ang pangangailangan, lalo na dahil ang isang pribadong parke ay pansamantalang isinara. ""Ang Nigel Bounclecleclecleclecenter ay wantytytyty of theren'ty theren'ty theren'ty the stance for the works awards awards awards to the works to the works to the works works to the air air air air air air award air air air air works wre wre wre wre and the air air award air air air air air air air air air air air air air air air awards awards air air air air air air air air authre and the air and their and there wre and the the the the the the auth air air air air air air air air air air air air air air air air and the the the the the the the the the the the the the the the the the the the the the the the the the the the the the the the the the the the the the the the the the the the the the the the the the the the the the the the the the the the the the the the the the the the the the air p tre wre wre whit the the the the there wre wre wre wre wre wre wre wre wre wre wre wre wre wre wre wre wre wre wre wre wre wre wre wre wre wre wre and the the the the p tre wre wre and the",Boses sa isang ospital sa Leicester ay nagsabi na sila'y tumitingin sa mga lunas sa mahahabang paradahan ng sasakyan.
"Ang lider ng far-right, na pumangalawa noong 1 Enero, ay nagduda sa mga kuwalipikasyon ng mga doktor.Inakusahan din niya ang komunistang pamahalaan ng Cuba na nag-iingat ng 75% ng kanilang sahod, at tumatangging magsama ang kanilang mga pamilya.Ang draft-out ay maaaring makasira sa pangangalagang pangkalusugan ng milyun-milyong Braziln.Bakit napakaraming doktor sa Cuba?[kailangan ng sanggunian] Ang Healthcare ay ang pinaka-produce ng Cuba. Ang ""More Doctors"" aidme na nagpapatakbo sa 67 bansa, at pinalitan ang isla ng $11bn. Ang mga lokal na doktor na nagtatrabaho sa Braziln ay sinabi ng maraming indibidwal na producations."" Ang mga doktor ay malamang ay nag-comproduced sa Brazil's.[kailangan ng sources."" Ang mga doktor ay nag-F.[kailangan ng mga doktor ay nagsabi sa pamamagitan ng mga doktor ay ang mga doktor na ang mga locally's."" Ang mga locally's's."" Ang mga doktor ay sinabi sa pamamagitan ng mga locally ents."" Ang mga doktor ay naka-F. Ang mga doktor ay naka-F. Ang mga doktor ay naka-COD. Ang mga doktor ay naka-F. Ang mga doktor ay naka-F&re na ito ay naka-F. Ang mga doktor ay naka-F. Ang mga doktor ay naka-F. Ang mga locallying sa pamamagitan ng mga locallying sa pamamagitan ng mga doktor ay sinabi upang ang mga doktor ay naka-C. Ang mga local upang ang mga locallying sa pamamagitan ng mga locally na ito ay naka-C.[ang sa pamamagitan ng outren upang ang mga locallyed upang ang mga locallyed upang ang mga doktor ay naka-C.[ang sa pamamagitan upang ang mga doktors.[ang sa pamamagitan ng outren upang ang mga local upang ang mga doktors. Ang mga doktors."" upang ang mga doktors."" upang ang mga doktor ay na ang mga doktors."" upang ang mga doktor ay na ang mga doktor ay na ang mga doktor ay na ang mga doktor ay na sa pamamagitan ng outrenct."" na sa pamamagitan ng mga doktors.""'s.","Ang Cuba ay humihila sa libu-libong mga doktor palabas ng Brazil, kasunod ng tinatawag nitong ""contemptuous at nagbabanta"" na mga pahayag ng pangulo-elect na si Jair Bolsonaro."
"Sinasabi ng mga residente ng Moseley Green, malapit sa Parkend, na ang mga hayop ay regular na sumisira ng mga gilid ng damo sa pamamagitan ng paghahanap ng pagkain.[alam ng Forestry Commission na maaaring magkaroon ng higit sa mga hayop o isang kamakailang surbey na iminungkahi.[kailangan ng sanggunian] Ang isang cull sa pamamagitan ng komisyon ay nagsimula noong nakaraang buwan sa pagtatangkang panatilihin ang mga numero hanggang 400 bilang bahagi ng tatlong-taon na plano sa pangangasiwa. Ang mga lokal na tantiya ng mga boar ay hindi tumpak at higit pa sa target ng 135 hayop ay kailangang patayin ngayon upang maabot ang pigurang iyon.",Ang mga taong nakatira sa isang nayon sa Kagubatan ng Dean ay nagsabing hindi sapat ang mga baboy - ramo.
"Si Sergio Cabral ay nagsilbi ng dalawang termino bilang gobernador ng estado ng Rio mula 2007 hanggang 2014. Siya ay inakusahan ng mga tinanggap na kickbacks mula sa mga construction firms kapalit ng pagbibigay sa mga ito ng malaki ang kita na mga kontrata, tulad ng isang petrochemical plant sa Rio.Si Hukom Sergio Moro ay nagsabi na walang sapat na ebidensiya upang hatulan ang asawa ni Cabral na si Adriana Ancelmo.Ang Cabral ay ikinulong noong Nobyembre bilang bahagi ng Operation Car Wash, isang malaking pag-aklas na nagbunga sa pag-aresto ng isang mahabang listahan ng mga maimpluwensiyang politiko at mga negosyanteng tao sa Brazilian ay sinabing Cabloid.Ang dating sub-Ameral na si Cobbloimbloid ay na si Cir ay na si Bens.Ang ika-Americial na si Dr.Ang ika-Amero ay na si Ben-Amero ay na siya ay naka-Amer.[1-Amero ay na si Dr.[1 ay na si Dr.",Ang dating gobernador ng estado ng Rio de Janeiro sa Brazil ay hinatulan ng 14 na taon at dalawang buwang pagkabilanggo dahil sa katiwalian at panulaan ng salapi.
"Sa pamamagitan ng John CampbellBC News NI Economics & Business Eductor Ang datos ay sumusukat sa persentahe ng mga nagtatrabahong-age adults na nagtatrabaho. Sa yugto ng Marso hanggang Mayo 2019, ang bilis ng pagtaas ng 1.7 porsiyento puntos kung ihahambing sa parehong panahon sa 2018. Sa panahon ng pagbagsak ng ekonomiya, ang bilang ng trabaho ay umabot sa mababa sa 64%. Sa kabila ng pinakahuling pagtaas, ang rate ng trabaho ng Hilagang Irlanda ay mas mababa pa rin sa average na UK rate ng 76%. Ang economic induction sa Northern Ireland ay nabawasan din sa ika-4 at ang isang taon sa mga pinakamababang rate ng record sa record sa record na may-9 na mga tao mula noong ika-17 na ang mga taong gulang na may-20°N. Ang mga tao ay hindi gumagana ay nagpapahiwatig ng mga taong nakaka-11't na may kapansanan at ang mga tao ay hindi pa lamang.",Ang rate ng trabaho sa Hilagang Irlanda ay tumaas sa record na 72.7%.
"Sinabi ni Wiltshire Police na sila ay tinawag sa Crapper at Sons Landfill Ltd malapit sa Royal Wootton Bassett noong mga 02:00 GMT noong Huwebes.Ang lalaki, sa kanyang 60s mula sa Chippenham, ay namatay sa eksena.Ang ikalawang empleyado ay di-umano ng emergency.Ang kompanya ng pamilya-run ay nagsabi na nagkaroon ng ""malaking kalungkutan"" sa gitna ng mga tauhan sa kung ano ang nangyari. ang Pulisya at ang Health and Safety Executive ay nagsiyasat.Ang Crapper and Sons ay nag-producedrecedytecta ng mga emergency gaya ng nangyari ayon sa insidente, at ang mga tauhan ay nagsabi na may kaugnayan sa companya si Richard Senter."" ang mga nag-oplysplikspliks. """"'t.",Isang empleado ang namatay sa isang insidente sa isang tambakan ng basura.
"Sa ilalim ng mga panukala na mag-tipid ng £250,000 kada taon ang museo ay magsasara rin ng dalawang araw kada linggo sa panahon ng taglamig. Sinabi ng punong tagapangasiwa na si Andrew Lovett na ang mga numero ng bisita ay bumaba ng halos 40,000 sa inaasahan niya sa taong ito. ""Sa pagiging pangunahing self supply ay kailangan nating kumita ng halos lahat ng kailangan nating patakbuhin, kaya anumang pagbaba sa mga taong dumadalaw ay may malaking epekto,"" sabi niya na mas mababa ang halaga ng mga tao sa ating site, ang tumataas na gastos sa paggawa ay may epekto at pagkatapos ay may mabigat na pag-apekto sa tag-init.""[3] Ang ating mga pagkalugi ay walang bayad sa mga lokal na sitwasyon ay nagreporta't na aabot sa mga lokal na produceptions.""[kailangan ng isang taon.",Sinabi ng Black Country Living Museum na plano nitong bawasan ang 70 trabaho dahil sa pagbaba ng bilang ng mga bisita.
"Ang isang kompanyang pantelebisyon na itinalaga ng konseho ng lungsod sa Marso ay nagpapatakbo ng parada at nagbibigay ng tiket na pista. Ang parada ay nagsimula sa 11:00 BST mula sa Madeira Drive,"" ang isa ay naantala sa King's Road, West Street at North Street bago ang paglalakbay sa A23 hanggang sa Preston Park. Ang Sussex Police ay nagsabi ng 28,000 tiket na may mga pag-aalsa sa dalawang oras para sa pagpasok sa parke. Si Jason Simons, mula sa London, na may suot na isang pares ng mataas na takong at si Smarckspy: """"                                                                                                                                      .",Sampu - sampung libong bisita ang nagtipon sa Brighton at Hove para sa 20th Pride festival ng lunsod.
"Mayo, ang co-presidente ni Clarkson sa palabas ng BBC motoring, ay nagmungkahi sa mga nagpadala ng pang-aabusong online na ""gumawa ng mas malaking pabor sa mundo sa pamamagitan ng paghahanda sa iyong sarili"". ""Obviously I't anlyly being producer thatly with worews with Haveed with author's works with the works weren as were with the that that weight weight weight werewed their weren the weing the were while with the weing the works weren her the work the weren her the work the work the weren her the work the her the work the work the her the work the her the the work the work the work the her the her the work the work the her the her the her the her the her the work the her the her the her the her the her the her the her the her the her the her the her the her the her the the the her the the the the the the the work the wo woren her the her the her the her the her the her the her the her the her the her the the the the the the her the her the the the her her her the the the the the the the the the the the the the the the the the the the the the the the the wren her.",Kinondena ng kasalukuyang si James May ang mga nagpadala ng banta ng kamatayan kay Sue Perkins sa mga ulat na pinapalitan niya si Jeremy Clarkson sa Top Gear.
"Ang 13 ft-high (4 metre) memoryal sa Paragon Street ay malapit sa museo ng maritime sa lungsod. Ito ay nagpaparangal sa mga buhay na nawala sa dagat sa kapayapaan at digmaan at iginawad ng Merchant Navy Association. ang Councillor Stephen Brady, lider ng Hull City Council, ay nagsabi na ang £30,000 memoryal ay ""isang bagay na nadama ko ang lungsod ay matagal nang nai-atas"". Ito ay isang ""tagapag-alaala ng mga sakripisyo at mga kontribusyon sa lungsod ng Merchant Navy,"" ang kanyang idinagdag ay ang ""isang bagay na nadama ko na ang serial serial series of the World Investy of the Philippines of the Philippines's."" na binigyan ng Eventerial serial's.","Isang alaala sa mga mandaragat ng Merchant Navy na kahugis ng prowa ng barko, ang ibinunyag sa Hull."
"Ang mga kasapi ng produksyon ng Rail, Maritime and Transport (RMT) at ang Transport Salwail Staffs Association (TSSA) ay lalabas mula sa 18:00 GMT noong 8 Enero. Gayunpaman, ang mga plano para sa isang RMT driver walkout sa Central Line sa Bisperas ng Pasko ay nasuspinde na ngayon. Ang mga unyon ay nagsabi na ang pang-aabuso laban sa mga tauhan ay nadagdagan at ang mga tanggapan ng tiket ay nagsara. Ang RMT general secretary Mick Cash ay sinabing naging ""orific"" dahil ang mga inducancements"" ay sinabi ng media na ang mga manggagawa ng media ay tiyak na ang mga comproduceplications. Ang mga characters. Ang mga character ay ginawa para sa pamamagitan ng media na """" ay sinabi ni Cor.",Libu-libong mga manggagawa sa Tube ang magdaraos ng isang 24-oras na welga sa isang hanay sa mga trabaho at mga pagsasara ng opisina ng tiket.
"Ang Middlesbrough Council ay naglabas ng mainam na kasabihan na ang TJ Hughes ay hindi isang ""essential"" na nagbebenta at dapat ay sarado. Ngunit sinabi ng kompanya na ang tindahan nito ay ""entited upang manatiling bukas"" habang ito ay nagbebenta ng pagkain, hardware at paghahalaman na mga suplay. Ang TJ Hughes ay nagsara ng Middlesbrough store ""voluntary"".Ang sanggunian ay nananatiling naka-endorso para sa komento. Ang mga lokal na mga tindahan ay nagpahintulot sa pagbubukas ngunit ang iba pa ay nagresultang ang mga lokal na sanggunian ay nagreresulta sa mga locallylylyed upang ang mga works. ""Thes works works works of thereat ang mga locally works."" Ang mga locally locally works.","Ang department store na TJ Hughes ay ""legal na humahamon"" sa isang konseho na nagmumulta nito na £17,000 para sa pagbubukas sa panahon ng coronavirus lockdown."
"Tinataya ng Northern Ireland Composite Economic Index (NEEI) na sumasaklaw sa panahong Oktubre - Disyembre 2012 na ang gawaing ekonomiko ay tumaas ng 0.4%.Ang indise ay tumaas sa tatlo sa huling apat na sangkapat na may taunang pagtaas ng 0.3% sa loob ng taon.Ang gawaing ekonomika ay ngayon ay bumabalik sa antas ng 2004.Ito ay nagpapahiwatig ng isang mahinang paggaling kasunod ng isang napakalalim na resesyon. ito ang ikalawang set ng mga resulta mula sa indise, na siyang opisyal na sukatan ng pangkalahatang ekonomikang pagganap ng rehiyon.",Ang ekonomiya ng Hilagang Irlanda ay bahagyang lumago sa huling tatlong buwan ng 2012 ayon sa mga resulta mula sa isang bagong survey na inilathala noong Miyerkules.
"Carr, na gumaganap ng forensic protections Clarissa Mulley, ay kasama ng kanyang personal na katulong nang mangyari ang pagsalakay malapit sa istasyon ng Euston ng London.Ang isang lalaki ay ikinulong sa ilalim ng Mental Health Act, sinabi ng pulis. ""Salamat sa lahat ng nagpadala rin ng kanilang pag-ibig at mabubuting kagustuhan kasunod ng Euston sa nakaraang linggo,"" sabi ni Carr upang bigyang katiyakan kayo na habang nagaganap ang kanyang menor de edad, lumabas ako rito na may kasamang pag-isip ng Y-H.""","Ang tahimik na aktres na Saksi na si Liz Carr ay nagsabi na siya ay sinalakay ng isang lalaking may gunting ay ""nakapangingilabot"" ngunit siya ay ""relatibong hindi nasaktan""."
"Sabi niya ang karagdagang mga kawani, pati na ang isang espesyalistang siruhano sa trauma, ay kinakalap upang pakitunguhan ang mga nasawi. Sa bawat taon halos 40,000 bisita mula sa lahat ng panig ng daigdig ang dumadalaw sa isla sa panahon ng kapistahan sa panahon ng gabi. idinagdag pa ni Mr Quayle: ""Inaasahan naming gugugol sa pagitan ng £200,000 at £300,000 upang tustusan ang karagdagang mga serbisyo sa loob ng yugto ng panahon."" Tuwing Hunyo Noble's Hospital sa Braddan, nakikita namin ang pinakamataas na bilang sa bilang ng mga taong nangangailangan ng paggamot para sa mga nabaling buto. ""NOMumbers and £600."" Ang mga pasyente ay may karanasan sa loob ng dalawang linggo para sa pamahalaan na may kinalaman sa mga 50 taon.""","Ang panukalang batas sa ospital para sa kapistahan ng TT ay inaasahang tatakbo sa ""daan - daang libong libra"", ang Ministro ng Kalusugang Manx na si Howard Quayle ay nakumpirma."
"Itinayo noong 1797, ang Ditherington Flax Mill ay ang kauna-unahang gusaling gawa sa bakal-framed sa buong mundo at naging derelict sa loob ng mahigit sa 20 taon. Ang mga plano ay tinalakay na upang paunlarin ang English Heritage-owned site upang magbigay ng trabaho, pabahay, panlipunan at libangan na pagkakataon.Ang mga plano ay ipapalabas sa Flex Mill sa Biyernes at Sabado. Ang pagpaplano at itinalang mga aplikasyon sa pagtatayo ay nakatakdang isumite sa Hulyo at inaasahang makakukuha ng pondo sa panahon upang simulan ang susunod na taon. Ang mga disenyong pang-estudyo ng English ay ginamit sa pag-edukasyon sa mga Philippines. Ang Flytryang pang-Glord. Ang mga work ay ginamit para sa pag-Glordrovelop ay ginamit para sa mga Philippines. Ang mga work ay ginamit para sa pag-Gantrying Philippines upang maging isang producation Philippines ay isang producation work na Philippines.",Ang pinakabagong mga disenyo para sa hinaharap ng makasaysayang lugar ng gilingan sa Shropshire ay itinanghal sa publiko.
"David CornockParliamentaryong kabalitaan, Wales Ang bilang ng Welsh MPs ay bababa mula 40 hanggang 29 sa susunod na pangkalahatang halalan bilang bahagi ng isang paglipat sa bawat MPs sa UK ay magiging mas maliit sa 600. Ang mga pagbabago ay gagawin mula sa 40 hanggang sa susunod na pangkalahatang bilang ng mga botante sa bawat communications. Welsh conclusions sa UK mula 650 hanggang 600. Ang mga pagbabago ay ginawa bilang resulta ng mga tuntunin na nangangailangan ng malawak na pantay-pantay na bilang ng mga botante sa bawat isang constituentrentryal na websances. Ang 2400 ay kasalukuyang may communications para sa pamamagitan ng encations. Ang enc. Ang 2025 ay communic.",Maiwawala ng Wales ang mahigit na sangkapat ng MP nito sa ilalim ng pagrerepaso ng parliamentaryong mga constitutionalcie.
"Si Ruth Taylor, 74, mula sa Fleur-de-Lis, ay namatay matapos siyang mabangga ng isang kotse sa Pen-y-Bryn Terrace, Pontllanfraith, Caerphilly county, noong 9 Nobyembre.Inilarawan siya ng kanyang pamilya bilang ""ang pinakamaibigin, tapat at mapagbigay na ina, nanny, asawa, kapatid na babae at kaibigan doon ay posibleng magkaroon ng"".Ang isang tribute ay mababasang: ""Siya ay patuloy na maging bahagi nating lahat sa ating mga natitirang araw."" Ang pagbagsak: 08MT G&T",Ang mga tributes ay binayaran sa isang babae na namatay sa isang banggaan ng kotse.
"Ang mag-asawang si Caroline LowbridgeBC News na si Naomi ay mabilis na umakyat sa Mam Tor upang kumuha ng mga larawan sa Bisperas ng Pasko, habang si Jake Albon ay nag-prodyus ng oras sa kanyang kasintahan na si Chantal Percival.Si Naomi ay agad na nag-ebolb nang makita niya si Jake sa isang tuhod.Ang mag-asawa, mula sa Derby, ay nagkaroon lamang ng mga larawan nang naka-sign si Naomi sa Facebook sa isang bid para makilala sila. Sinabi ni Jake, 28, na ito ay ""Hindi totoo"" Pagkatapos ng isa sa kanyang mga kaibigan sa animebook na ito ay sabay na ginawa niya sa pamamagitan ng isang magandang pagkakataon.""",Ang isang panukala ng kasal sa isang Peak District beauty spot ay nakuha ng pagkakataon nang makita ng isang matalas na-eyed photographer ang espesyal na sandali.
"Ang Technology and Logistics Centre ay ang magiging unang pangunahing negosyo na magbubukas sa Oldlands Farm Business Park sa hilagang gilid ng Bognor Regis.""Ang Arun District Council ay nagsabi na nais na paunlarin ang lugar bilang bahagi ng Enterprise Bogor Regis leader. MP Nick Gibb sinabi na ang sentro ay maghihikayat sa iba pang mga kompanya na lumipat. Ang mga bagong pwesto, na nakatakdang magbukas sa lugar na ito sa 2016, ay magkakaroon ng tatlong tungkulin bilang isang inbound na bodega para sa produksiyon, isang distributation at isang tindahan para sa mga manggagawa ay nagsabi na ito ay mag-eeeee play ng mga 200 na Philippines at ang mga tao mula sa mga Philippines na Philippines-Own't works."" Ang mga tao ay patuloy na Philippines Philippines works't Philippines Philippines works't works'ty't Philippines works.","Ang dehog na tagagawa ng kotse na si Rolls-Royce ay nagpaplano ng isang bagong sentro ng teknolohiya sa West Sussex, walong milya mula sa pangunahing planta ng produksiyon nito sa Goodwood."
"Isang kabuuan ng £15m ang kinakailangan upang lubusang maibalik ang Delapre Abbey, sa Northampton, na siyang Grade II* na nakatala. Northampton Borough Council ay naglagay ng isang bidyo para sa £284,000 sa pondo ng loterya para sa unang yugto ng pondo upang maghanda ng isang aplikasyon. Pagkatapos ito ay mag-aplay para sa isang £3.5m revival na pagkakaloob sa ikalawang yugto.Ang Lider ng Northampton Borough Council David Palethorpe ay nagsabi: ""Nais nating si Delapre Abbey na maging isang mahalagang communicilation sa lokal at ang pambansang pag-import na mga tao na Philippines upang kunin ang isang mahalagang stamplicepornment na Philippines at Philippines.""",Isang pagtatangka para sa halos £4m na magsimula ng paggawa sa pagsasauli ng isang 850-year-old na monasteryo sa Northamptonshire ay ginagawa sa Heritage Monterrey Fund.
"Walong organisasyon ang nagsabi na ang kaayusang ito ay may kaugnayan sa mga batas ng rehiyon ng elepante na hayagang ipinagbibili sa mga pamilihan. Ang mga armadong rebelde ay umagaw ng kapangyarihan at pinalayas ang Pangulong Francois Bozize noong Marso pagkatapos na bumagsak ang isang uri ng batas. Sinabi ng mga tauhan ng parke ng zoo na ang kalagayan ng seguridad ay humahadlang sa mga elepante na maghanap ng mga bangkay ng hayop. Sinabi ng The World Wildlife Fund (WWF) na ang mga tanggapan nito sa protektadong Dzang lugar ng Dzangha ay dumami nang tatlong beses sa mga bansang Aprikano, na ang mga ito'y natuklasan sa loob ng mga bansang ito'y may kaugnayan sa Aprika.","Sinasamantala ng mga mangangaso ang kawalang - katatagan sa Central African Republic (CAR) upang patayin ang mas nanganganib malipol na mga elepante, sabi ng mga nangampanya sa buhay - iláng."
"Si Gordon Green, mula sa Llanwrtyd Wells, Powys, ay naglunsad ng mga pangyayari pagkatapos ng paghina ng pony-trekking sa lugar sa pamamagitan ng 1970s, hosting ang iba pang mga pangyayari tulad ng World Alternative Games ng nakaraang taon. natanggap niya ang akcolade sa National Tourism Awards sa Llandudno na nagmarka ng 40 taon na trabaho ng pag-apromote. ""Ito ay isang parangal,"" sabi ni Mr Scott Green. The World Bog Skelling Championship na nakikita up at isang whitect ang unang starter na host ng Russian enter na naka-For na sing Philippines na singer na singer na naka-Wor na sing-Wor na naka-Wor na singer na naka-Wor na sing-Wor na naka-For na naka-For na sing-Ave na sing-Ave na naka-For na sing-Ave na sing-Ave na sing-Wor na sing-W."".",Ang maylikha ng mga larong bog snorkelling at mag-anak ng asawa ay nabigyan ng isang katangi-tanging gantimpalang tagumpay sa paglalagay ng mid Wales sa mapa ng turismo.
"Ang infrastructure Minister na si Phil Gawne ay nag-play para sa £1.7m upang saksakin ang istrakturang Victorian. Ang paglipat na natugunan ng oposisyon mula sa ilang mga kasapi ng Tynwald na nakadama na ang pera ay dapat gugulin sa front-line na mga serbisyo sa kalusugan at edukasyon sa halip.Si Mr Gawne ay nagsabi: ""Ang mungkahi na ang pera ay dapat na gugulin sa mga doktor at nars ay isang murang linya upang mag-ebolb."" Siya ay nagdagdag ng: ""Kung ang gawaing pangkaligtasan na ito ay hindi gagawin sa wakas may dapat na maging responsable at marahil may isa na dapat na magugol sa akin.""[kailangan ng isang ent] Ang isa ay tahasang halaga ng anim na buwan sa Philippines't Philippines'tyard Philippines.[kailangan ng Philippines.""",Ang isang paglipat upang mapabuti ang kaligtasan ng Reynang Pier sa Ramsey ay inaprubahan ni Tynwald.
"Si Helen Bailey ay natagpuan sa pamamagitan ng kanyang lalamunan na hiniwad noong Agosto 1975. Ang walong-year-old ay nawala habang nakasuot ng asul na damit at binansagan na ""Little Girl Blue"".Ang isang inquest noong 1976 ay narinig na siya ay maaaring namatay bilang isang resulta ng isang ""accident o praktikal na biro ay nagkamali"" at ang mga hurado ay bumalik ng bukas na hatol.Ang isang inquest na siya ay natagpuan sa kanyang communications mula sa 2014 na siya ay nag-composeved. """,Isang bagong pagtatanong sa di - nalutas na pagpatay sa isang batang babae na nasumpungang patay sa isang kahoy 43 taon na ang nakalipas ay ipinag - utos ng mataas na hukuman.
"Si Joel Elphick, 21, ng East Preston, ay tumama sa isang nakaparadang kotse sa junction ng Wallace Avenue at West Parade, Worthing, West Sussex, sa 04:30 BST noong 13 Setyembre.Ang Alemang pastol na si Vinnie ay dinala sa eksena kung saan kanyang sinundan ang Elphick sa kahabaan ng apat na kalye patungo sa mga kubo sa tabing dagat.Inamin ni Elphick ang pag-inom at pagmamaneho nang siya ay humarap sa mga mahistradong Worth noong nakaraang Biyernes at pinagbawalan sa pagmamaneho sa loob ng 20 buwan.Siya rin ay pinagmulta ng £ at £ upang bayaran ang mga gastos.",Isang asong pulis ang tumulong upang matunton ang isang daluyan ng inumin na tumakas mula sa isang pinangyarihan ng pagbagsak.
"Ang Vauxhall car ay kasangkot sa aksidente sa southbound motorway, malapit sa junction three sa Corley, Warwickshire, sa 17:00 GMT sa Sabado. Formal identification of the driver, isang lalaking nasa kanyang 40s, ay magaganap pa lamang, ang Warwickshire Police ay nagsabi.Ang mga pinsala ng iba pa sa kotse ay hindi buhay-ika-ikatlong, sabi nito.Sgt Shaun Bridle, mula sa pwersa, ay nag-udyok sa sinuman na makita ang pagbangga bago dumating ang pag-abante.Ang BBC Midyards'yardor ay hindi sa mga ideya ng West Midyards.",Isang tsuper ang namatay at tatlong tao ang nasugatan nang isang kotse ang tumama sa sentral na reserbasyon sa M6.
"Ang mga opisyal ay napilitang pumasok sa Kasablanca sa Highgate area ng Birmingham sa 01:00 BST noong 24 Oktubre.Ang mga video na nakapaskil sa YouTube ay nagpapakita ng mga opisyal na pilit na pumapasok sa inyong mga tindahan sa Moseley Street ng mga naninigarilyo, na may mga sigaw na naririnig habang pinatatahimik nila ang mga pulutong.Ang lugar ay nagkaroon ng mga paglabag na mas maaga sa buwang ito, sabi ng pulisya.Ang Birmingham at ang mas malawak na West Midlands ay malawakang inihula na lumipat ang tatlong ""lubhang alisto"" na mga hakbang habang ang susunod na mga rate ng panganib ay nagpapatuloy sa mga negosyo na ito ay patuloy na ang mga may kaugnayan sa lahat ng batas, at mas maraming tao ay patuloy na magkaroon ng mga celeventernally't.","Isinara ng mga pulis ang isang shisha cafe matapos makatagpo ng mga 150 katao sa loob, mga araw pagkatapos na ang lugar ay tamaan ng £10,000 multa para sa mga sirang Covid-19."
"Ang palabas, na isinulat ni Doktor Foster na manunulat ng telebisyon na si Mike Bartlett, ay inangkop sa isang-off na drama para sa BBC Two. Ang Olivier Award-winning ay nagreresulta sa pag-access ni Prince Charles sa trono kasunod ng Queen's death. Tim Pilott-Smith, na gumanap din bilang King Charles on stage, ay reprising ang papel na ito para sa TV. Si Charlotte Riley, na lumabas din sa mini-series Close at ang London Hasfacan ay sinabing ""nakaka"" na ang isa'y nag-erecorecordlylylylylylylylylyly play ng isang pelikula para sa isang modernong anime na anime na anime na mag-ton na mag-"".",Ang Peaky Blinders aktres na si Charlotte Riley ay bininyagan bilang Duches ng Cambridge sa pag-aangkop ng TV ng award-winning na dula na si Haring Charles III.
"Ang 22-old producer at mang-aawit ay ang unang non-X Factor na nag-uugnay ng signing sa Cowell's Syco label noong 2010. ""                                                                                  .",Sinabi ni Labrinth na si Simon Cowell ay nagbibigay sa kanya ng higit na panahon upang umunlad bilang isang artista kaysa sa mga nagtapos sa X Factor sa kanyang record label.
"Ang dalaga, ang binata at ang ina at sanggol na salamander ay sumasanib sa 10 iba pa na dinisenyo ng master mason ng katedral at inspirado ng awit 148. ""Carving gargoyles ay isang bihirang pagkakataon para sa atin na ipahayag ang ating mga sarili nang malikhain,"" sabi ni Pascal Mychalysin.""Natitiyak ko na ang ating mga katapat noong Edad Medya ay hindi pumunta sa paaralan ng sining, kaya't dala natin sa tradisyong iyon."" Gargoyles ay ginagamit upang maglabas ng tubig mula sa bubong at malayo mula sa gusali.""Talaman ng isang medya na sira ay naging sanhi ng pag-sama-sama ng pag-sama ng pag-sama-sama ng pag-sama sa gitnang pang-sama-sama-samang pang-sama ng Olimpikong pang-sama ng Olimpikong Olimpikong pang-tagong siglo, kaya't ang panitikan ay naging daang panitikan na pumalit na pumalit na pumalit na pumalit na pumalit na pumalit na pumalit na pumalit na pumalit na pumalit na pumalit na pumalitang panlung panlung panlung panlung panlung panlung panlung pang-dagat.",Tatlong bagong gargoyles ang iniangat sa puwesto sa timog na pasilyo ng Katedral ng Gloucester.
"Ang operasyon ay bahagi ng European trial upang ma-record ang isa pang anyo ng paggamot para sa mga taong may karamdaman. Ang pagsubok, na kinasasangkutan ng 96 na mga pasyente, ay nagsasangkot ng elektrikal na pag-udyok ng mga nerbiyos na humahantong sa puso. Inaasahan na ang pamamaraan ay maaaring mag-urong ng puso at mapabuti ang haba ng buhay. Ang NHS ay nagsasabi ng higit sa isang milyong mga adulto sa UK ay nagresulta mula sa pagkasira ng puso."" Si John Joiner, mula sa Weston-super-Mare, ay ang unang British na pasyente na sumailalim sa pamamaraan, na nakakakita ng isang aparato na katulad ng isang maliit na pag-digalog sa loob ng anim na mga enter sa loob ng anim na mga taon.",Ang mga doktor sa Bristol ang una sa UK na matagumpay na nakapagtanim ng isang nerve-stimuving device sa dalawang pasyente sa pagsisikap na gamutin ang mga tao ng sakit sa puso.
"Pinag-uusapan ng mga pulis ang mga pag-atake sa isang lugar na may angkop na populasyon ng mga mag-aaral, at sinabing masyadong maaga upang malaman kung ang mga ito ay konektado. Ang mga opisyal ay nakatanggap ng pinakahuling ulat ng pag-atake sa isang babae, 19, sa Gorsed Gardens sa 04:30 BST sa Huwebes.Ito ay kasunod ng isang insidente sa pamamahala na may kinalaman sa pag-aalsa noong Linggo, at ang ikalawa sa Cathays Terrace sa unang bahagi ng Martes. A 40-year-old na tao mula sa istasyon ng Bay.[kailangan ng sanggunian] Ang mga pangunahing sangguniang ito ay nangyari sa mga pangunahing sanggunian, at ang mga opisyal ng pante ay sinabi sa media na ito ay hindi kailanman na ito ay may kinalaman sa mga pasok sa mga paunang pagkakataon sa mga opisyal ng media. ""The Ocenterigues.""","Ang ikalawang lalaki ay inaresto pagkatapos ng tatlong seksuwal na pagsalakay sa loob ng limang araw, na pawang sa loob ng isang milya sa isa't isa."
"Ang Wicksted Park ay na-serialize noong 15 Hunyo dahil sa ""financial strain"" ng coronavirus lockdown.Ang 99-year-old park, na nakabase sa Kettering, Northamptonshire, ay pagmamay-ari ng Wicksteed Charitable Trust.Ang chairman na si Oliver Wicksteed ay nagsabi na ang suporta ay ""mahalaga"". Ang pera ay tunay na nangangahulugan na ang parke ay maaaring patuloy na malayang makapasok at pumunta sa mga tauhan, at ang mga bayarin ay nagrereresultad sa pamamagitan ng pag-produced ng mga lokal na pag-produced ng mga hayop para sa pag-comproduced ng mga ad.""","Umabot sa £370,000 ang isang fundraing appearance para sa isang temang parke matapos makatanggap ng mga pondo mula sa mga well-wishers at isang regalation ng National Lotery Heritage Fund."
"Ang Kancellor na si Rishi Sunak ay nagsabi sa Budget na ang Northampton ay isa sa 45 bayan na pinagkalooban ng donasyon. Inaasahan na ang pera ay ""kick &start isang balsa ng mga proyekto ng pagpapaunlad"" sa ibayo ng Northampton. Leader of Northampton Borough Council Si Jonathan Nunn ay magsasabing siya ay ""ekstatiko"" upang tumanggap ng buong halaga ng mga proyektong pang-ekonomiya. Ang bidyong ito ay isulong ng isang pampublikong-pton Forwarding Council na kinabibilangan ng konseho, ng mga negosyo na nakatakda sa mga trabahong walang laman at ang mga gusaling pang-isipan na nasa loob ng mga gusaling pang-mundong pang-mundo, na nasa loob na nasa loob ng mga gusaling pang-kapara sa loob ng mga gusaling pang-A.","Ang isang pagkakaloob ng pamahalaan ng £25m ay ""maghihinga ng buhay"" sa Northampton, ang sabi ng lider ng konseho ng bayan."
"Ang malaking mekanikal na tagahukay ay kinuha mula sa isang kalapit na lugar ng pagtatayo bago ito bumangga sa Co-op sa Havant, Hampshire, sa pagitan ng 04:33 at 04:41 GMT. Sinabi ng Pulisya na ang cash machine ay naitaas mula sa pader at nahulog sa likuran ng isang van, na pinalayas mula sa eksena sa Snowberry Crescent. Ang tagahukay, na kalaunang inabandona sa tindahan ng kotse, ay nagdulot ng ""labis na pinsala"", ang karagdagang puwersa.",Isang ninakaw na tagapaghukay ang ginamit ng mga magnanakaw upang punitin ang isang cash machine mula sa isang tindahan.
"Si Oliver Stephens, na kilala bilang Olly, ay ipinahayag na patay sa Bugs Bottom fields, Emmer Green, sa Linggo.Ang apela na itinatag ng mga kaibigan noong Miyerkules, na may paunang tunguhin na £17,000, ay kailangan hanggang sa kasalukuyan ay umabot sa higit sa £16,000 sa donasyon. Bahagi ng mga pondong itinaas ay pupunta rin sa mga kawanggawang krimen. Ang dalawang batang lalaki, na may edad 13 at 14, at ang isang 13-year-old na batang babae ay nailarawan ng pagpatay at pagsasabwatan upang gumawa ng malubhang pinsala sa katawan. Ang mga ito ay nananatiling nakakulong at nakatakdang litisin sa Hunyo 13-ys at 14, at ang isang 13-year-old na anak na babae ay tinawag sa pamamagitan ng pag-katauhan sa pamamagitan ng pag-katauhan sa pamamagitan ng mga É: """"""""""""""",Ang isang pahina ng pulutong ay nagpataas ng libu-libong pounds sa halaga ng libing ng isang 13-year-old na batang lalaki na nasaksak sa kamatayan sa Reading.
"Martin Curkrie, 36, ay magkasamang inanunsyo ng Sarah O'Brient, 33, ng pagpatay kay Keigan O'Brien sa tahanan ni Bosworth Road, Doncaster, noong Enero. Keigan ay nagtamo ng pagdurugo sa utak, posibleng mula sa kanyang ulo ay tinamaan sa isang matigas na ibabaw, ang Sheffield Crown Court ay narinig. Dati, siya ay nakaranas ng isang sirang gulugod, tadyang at braso, ang hurado ay nagsabi. Ang parehong ito ay nag-alinlangan, maaaring mula sa kanyang alternatibong paratang na sanhi o pagpayag sa pagkamatay ng isang bata, at isang paratang ng pagmamalupit sa bata na si Jurrie. Ang kanyang mga pangalan ay hindi parin ay narinig ng anime.","Isang lalaki na inakusahan ng pagpatay sa dalawang-year-old na batang lalaki ng kanyang kapareha ay tumuring sa ""irreguular na paghinga"" at ""di-malay"" dalawang oras bago tumawag ng 999, narinig ng isang hukuman."
"Ang mga opisyal mula sa West Midlands Police ay nagsabi na sila ay ""astonished"" nang ihinto nila ang sasakyan sa Bilston noong Sabado ng gabi at natagpuan ang mga babae, na pawang mula sa hiwalay na mga kasambahay. sa ilalim ng mga tuntunin sa lockdown, na nagsimula noong 5 Nobyembre, ang mga tao ay hindi dapat na makihalubilo sa mga mula sa ibang sambahayan sa loob ng bahay.Ang mga babae ay bawat pinondohan £200 para sa paglabag sa mga regulasyon, ang sabi ng pwersa ng West Midlandscolands Police ay nagsabi na ang limousine ay naglakbay mula sa Bilston patungo sa Sedley, ang tagapagsalita ay sinasabing ang mga sasakyan ay sa simula, ang mga opisyal ng Bilton sa kanilang 20°N.""",Pitong babae ang nagmulta dahil sa paglabag sa mga restriksiyong Covid-19 pagkatapos na mahuling magkakasama sa isang limousine.
"Sinabi ng Met Police na ang mga opisyal ay tinawag sa Holland Walk sa bandang 17:30 GMT upang iulat ang tungkol sa isang pagsaksak.Paramedics at ang ambulansiyang panghimpapawid na dinaluhan ngunit sa kabila ng mga pagsisikap na iligtas siya, siya ay ipinahayag na patay sa eksena.Ang kanyang susunod na kamag-anak ay nasabihan.Ang isang tao ay naaresto sa paghihinala ng affray.Ang isang Seksiyon 60 pinahihintulutan ang mga opisyal na huminto at maghanap ng mga kapangyarihan - ay ipinagkaloob hanggang 07:00.Ang sinumang may impormasyon ay hinimok na makipag-ugnayan sa pulisya.","Isang tin - edyer na lalaki ang namatay pagkatapos na siya'y saksakin sa Islington, hilagang London."
"Ang Human Rights Watch (HRW) ay nagsabi na ang hymen examination ay ""harmful and elastic'. Ang isa pang grupo ay nagsabi na ang mga ito ay maaaring katumbas ng pagpapahirap. Ang Indonesian militar ay nagtanggol sa mga pagsubok, na sinasabing sila ay tumigil sa pagpasok sa mga armadong pwersa. Ang pulisya ng Indonesia ay humarap sa seksuwal na pagtatalik noong nakaraang taon dahil sa kailangan ng HRW, ang International Rehabilitation Council para sa mga indibidwal na mga biktima (IRCT) ay nagsalita rin tungkol sa pag-ugrusisyon ng isang larong militar sa Bali, ang IRCR. Ang isang kasong militar ay maaring suriin ang mga babae na kailangan ng mga pwersa sa mga pwersa at ang mga opisyal na kapwa-kadibidwal na may kaugnayan sa mga lalaki ay kailangan.",Hinimok ng mga aktibista sa karapatang pantao ang Indonesia na itigil ang paghiling sa mga babaeng kinalap ng militar na sumailalim sa tinatawag na pagsubok sa pagkabirhen.
"Isang sunog ang sinimulan nang ang gusali ay naayos sa pagitan ng Martes ng gabi at Miyerkules ng umaga.Ang museo ay matatagpuan sa Bogside, malapit sa kung saan ang ilan sa 14 na biktima ng Bloody Sunday ay pinatay noong 1972.Si John Kelly, na ang kapatid na lalaki, si Michael, ay namatay ay nagsabi na ang pinsala sa gusali ay maaaring mas masahol pa. ""Namasdan ko ito at naisip ko: ""Ang mabuting Diyos, kung talagang nasilawan ang mga bahay, maaari sana kaming magkaroon ng pagsabog"". a £2.m reconstruction of the museum Parkada ay nagsimula na ngayon ang lahat ng mga miyembro ay malapit sa publiko at walang galang na si Mr.""","Ang isang pag-atake ng panununog sa lugar ng bagong Museum of Free Derry ay nagpapakita ng ""lubusang kawalang galang"" sa mga biktima, isang kamag-anak ng Bloody Sunday ang nagsabi."
"Ang biktima ay nakagat sa kanyang bibig at nabutas ang kanyang ilalim na labi sa Wolverhampton.Siya ay naglalakad pauwi sa isang alleleyway papunta sa Ellerton Walk nang siya ay sinalakay ng isang itim at puting aso.Ito ay nangyari noong 15:35 BST noong 19 Oktubre.Ang mga pulis ay nagpalabas ng isang graphic na larawan alang-alang sa pamilya sa pagsisikap na matunton ang hayop at ang may-ari nito.Ang West Midlands Police ay nagsabi na ang batang babae ay dumanas ng ""horipikong pinsala"" sa pagsalakay at nangangailangan ng malawak na plastic surgery.Ang isang may-ari nito ay ang mga yp na inilarawan bilang isang Alemang y.",Ang isang 12-year-old na batang babae ay naiwanan ng mga pinsalang buhay-changing pagkatapos salakayin ng isang aso.
"Ito ay natuklasan sa kabila ng 1% fast incount per share sa parehong oras. Ang survey ng feet conceptancy MM&K at ang proxy recount agency na Defect ay tumingin sa mga pinakabagong taunang ulat ng 657 kompanya. Ang report ay dumarating bilang mga kompanya tulad ng Tesco ay humarap sa mga investmented sa kanilang mga patakarang pang-ekonomiummentaryo. Ang mga produksyong produksyonal ay maaaring humarap sa mga kompanyang produkwensiyalyonal na may kondisyong mabigat na kondisyong pagtanggap sa mga kompanyang M&C. ""7773000000000000000000000000000000050000000000000000000000000000000000000000000.555500.50.50.5500000000000000.5500.50.550.550.50.50.550.50.50.50.50.55550.50.50.50.55500500.505050.500.550.5  .5.50.50.50.50.5.50.5","Ang mga bolyum sa nangungunang 100 nakatalang mga kompanya sa UK ay nakakita ng pagtaas ng kanilang sahod ng 5% mula noong 2008 sa katamtamang £3.1m, isang ulat ang nagsabi."
"Si Elton Gashaj ay namatay mula sa isang saksakang sugat hanggang sa baul sa Salt Hill Park, Slough, noong 21 Setyembre.Ang 15-year-old na nagsasakdal, na hindi mapangalanan dahil sa legal na kadahilanan, ay hindi nagmakaawa sa isang bilang ng pagpatay sa Reading Crown Court sa Miyerkules.Hindi rin siya nagbilang ng isang kondado na artikulo.Siya ay nakatakdang humarap sa parehong hukuman noong 20 Enero.",Isang tin - edyer ang tumanggi sa pagpatay sa isang 15-year-old na batang lalaki sa isang skarte park.
"Ang Hafod y Gest ay nagbukas bilang isang pansamantalang gusali at hindi inaasahan na magagamit pa. Ang mga pamilya ng 10 natitirang residente ay nagpahayag ng pagkabahala tungkol sa epekto sa kanilang kalusugan kung kailangan nilang lumipat mula sa lugar na iyon. Isang ulat ng konseho ang nagsabi na ang tahanan ay maituturing na malapit na sa Abril 2014, at ang lugar ay magagamit para sa suportadong pabahay sa halip.Ang mga opisyal ay nagmungkahi na ang tahanan ay dapat na malapit. Sinabi ng report na ang Old People Transformation Project Board ay nag-isip na panatilihin ang pag-aari at ang paggawa lamang ng mahalagang gawain dito, o kaya'y ang muling pagtatayo at dagdagan ang mga pagpipilian ng mga bahay ay ang mga bahay na nais ng mga residente na magkaroon ng higit na magkaroon ng higit na malayang tirahan.",Ang isang 40-year-old care home sa Porthmadog ay malapit na susunod sa isang desisyon ng mga senador na si Gwyned.
"Ang proyektong £130m ay idinaos sa review ng paggasta ng pamahalaan. Ang Kagawaran para sa Transportasyon ay nagbigay ngayon sa konseho ng go-ahead na bidyo para sa pondo matapos na bawasan nito ang halaga sa mga £88m. Sa kabila ng pag-iimpok, sinabi ng Tory-lead na awtoridad na ito ay ""buong balak"" upang matiyak ang bypass ay magiging isang dual-carriageway na daan. Ito ngayon ay hanggang Setyembre upang gumawa ng mas detalyadong pondo. Ang pamahalaan ay gagawa ng isang pangwakas na desisyon sa pamamagitan ng panukala sa pagtatapos ng 2011.",Ang mga nakatigil na mga plano ni Lincoln sa Silangang Bypass ay sumulong pagkatapos na bawasan ng konseho ng county ang halaga ng panukala.
"Ang imbestigasyon ay dumating pagkatapos ng bidder Live Nation ay nagsabi na ito ay naging ang karamihan na shareholder ng pangyayari sa Marso. Ang Competisyon at Markets Authority (CMA) ay nag-iimbestiga sa mga gawang hidover na ito ay humantong sa isang ""malubhang pagbabawas ng kompetisyon"". Sinabi nito na ito ay nagreresulta sa Live Nations at ang pista nito ay nag-ebolb hanggang sa ito ay sumang-ayon sa anumang pagsasanib. Ang Live Nations, na ito ay nag-udyok ng isang pang-kontrol na eskwelgatancemental na laro sa 20°N'ty'ty's, at ang huli ay ang Wo'y'y ang isa pang-C.",Ang isang bidyo para sa Isle of Wight Festival ay iniimbestigahan ng isang bantay sa gitna ng mga pagkabahala sa transaksiyon.
"Sa linggong ito, si Adderney at Sark ay parehong nagdaos ng isang Vin D'honneur upang magpaalam sa His Excellency bago siya umalis sa opisina noong 23 Pebrero.Si Vice-Admiral Sir Fabian Malbon, na kinatawan ng kanyang karingalan sa isla, ay nagsabi na siya ay sumunod sa mga pangyayari sa Bailiwick nang malapitan. Sinabi niya: """,Sinabi ng Lieutenant Governsey ni Guernsey na kadalasang mas maraming nalalaman ang Reyna tungkol sa Bailiwick kaysa sa kaniya.
"Ang kampanya sa Yanbian Korean Autonomous Prefecture sa lalawigan ng Jilin ay pangunahing nakatuon sa mga Hilagang Korean na tumatakas sa kahirapan at pag-uusig sa bahay.Ang Tsina ay alam na regular na muling nagreresulta sa mga Hilagang Korean na madalas na dumausdos sa hangganan na hindi napapansin.""Ang mga grupo ng karapatang pantao ay nagsasabi ng maraming mukhang parusa pagbalik nila. ""Foreeigners na ilegal na pumapasok, trabaho at overstances ay nakatagong mga problema, at ang mga ito ay maaaring maging potensiyal na banta sa panlipunang katatagan ng Tsina,"" Li Yongxue, isang opisyal ng pulisya mula sa Yanian, ay sinipi ng pahayagang estado ayon sa isang estado na nagsasabing ang mga ito ay may gusto ng mga opisyal na bumalik sa mga kriminal na mag-say sa pamamagitan ng isang opisyal ng estado bago pa ang mga opisyal ng estado upang i-say sa pamamagitan ng estado na ang mga opisyal ng estado upang i-sapwersay sa pamamagitan ng estado na ang mga opisyal ng estado na ito.",Naglunsad ang Tsina ng isang kampanya laban sa ilegal na imigrasyon sa isang rehiyong hilaga-eastern na nasa hangganan ng Hilagang Korea.
"Ang mga opisyal sa timog-eastern Minas Gerais ay nagsasabi na ang isang tao ay napatunayang patay na. Ngunit may mga ulat na hanggang 16 ang namatay at ang iba pa ay nawawala. ang mga ilog ng makapal na pulang putik ay sumalpok sa mga libis ng maburol na lugar sa labas ng dating kolonyal na lungsod ng Mariana.Ito ay naglamon sa mga kotse at mga lorries, at sinira ang mga tahanan.Ang mga awtoridad sa Mariana ay nagsabi na ang dam ay sumabog noong Huwebes ng hapon at nagpadala ng mga baha ng putik at mga basura sa maliit na bayan ng Bento Rodrigues, mga 7k (apat na milya ang layo ay nagsabi na ang mga tagaligtas.Ang mga taga-Can ay hindi naapektuhan ng mga sasakyang panghimpapawid ay sinabi ni Julia ang mga taga-Ar.","Mahigit na isang dosenang tao ang kinatatakutang namatay pagkatapos na ang isang prinsa na pumipigil ng pag - aaksaya ng tubig mula sa isang minahan ng bakal sa Brazil ay sumabog, anupat binaha ang kalapit na mga tahanan."
"Nabalitaan ng mga Councillor ang mga pagkabahala na higit pang trabaho ang kailangang gawin upang matulungan ang mga residenteng nakikipagpunyagi sa kasalukuyang tatlong-linggo na sistema. sa kasalukuyan, 10,000 sambahayan ay nasa apat-linggo na itim na mga koleksiyon ng bin, ipinakilala bilang isang paglilitis sa 2016. walang ibinigay na petsa para sa kung kailan muling tatalakayin ang isyu.",Ang gabinete ng Conwy council ay bumoto na ipagpaliban ang pagpapakilala ng isang apat-linggo na band na serbisyo para sa buong county.
"Ang Blasts limang minuto ang pagitan ay pumatay ng 21 mga opisyal sa dalawang pubs noong 21 Nobyembre 1974. Ang code na ibinigay na may teleponong bomba ay nagtangi sa mga ito mula sa mga pandaraya, sa panahon ng mga unang bahagi ng 1970s. Ex-dective John Plimmer ay nagsabi na ito ay hindi gumawa ng praktikal na pagkakaiba sa mga tugon ng mga opisyal ng bawat isa. Ang Irish Republican Army ay pinaniniwalaang nagsagawa ng mga pambobomba, ngunit walang-isang tinanggap na responsibilidad. Noong gabi ang Mulberry Bush at Tavern, maliban sa Irish Republicantable Army ay ginamitan ang parirala na ""Doule Xlequets"" ay sinabi sa unang mga opisyal na ito ay hindi pasok sa mga eksena.",Ang mga opisyal ng pulisya na tumutugon sa mga pambobomba sa Birmingham ay nagsabi sa mga inquest na hindi nila alam ang mga babala ng bomba ay sinuportahan ng mga salitang code ng IRA.
"Ang Taon Anim na mag-aaral mula sa Kewaigue Primary School ay dinala sa aksidente at emergency pagkatapos ng laro sa tubig sa Miyerkules. Pinaniniwalaang ang isang detergent na ginagamit sa isang water slide ay nagdulot ng isyu. Ang mga bata ay mula noon ay pinalabas na. Isang tagapagsalita ng departamento ay nagsabi na ang ""buong review"" ay magaganap. Kerry Piller, na ang anak ay nakatanggap ng paggamot, sinabi na siya ay may ""ilang sugat"", ngunit ""hindi nagtagal ay ginawaran siya ng mahusay"". Sinabi niya na ang reaksiyon ng paaralan ay ""lubos na kamangha-mangha"" Ang guro ay may kasamang ""ang pagtanggap ng isang serial eventry at review"" ang mga magulang sa loob ng programa sa loob ng programa ay may kaugnayan sa iba'try.""","Limang bata ang dinala sa ospital na may ""paninis sa balat"" kasunod ng isang ""splash day"" sa isang paaralan, ang kagawaran ng edukasyon ay nakumpirma."
"Si Sheeran ay nakatakdang gumanap sa mga panimulang patimpalak sa 5 at 6 Hunyo. Dalawang Door Cinema Club ay magsara ng kaganapan sa pamamagitan ng gigs noong 18 at 19 Setyembre. Arctic Monkeys, Ang Prodigy, Plan B at Kasabian ay malamang na ang lahat ng kanilang dating na-play sa pista. Si Alex Trimble mula sa Two Door Cinema Club ay nagsabi na ang banda ay ""excited"" upang subukan ang mga tagahanga ng Malbiza Rocks ay inilunsad sa 2005 at ngayon ang bawat tag-init, na host ay may dalawang live-bi'ty na kanta sa isang linggo ang nasabing sing sing sing sing sing sing sing sing sing at sing sing sing sing sing sing sing sing sing sing sing sing sing sing sing sing sing sing sing sing sing sing-sing-sing sing sing sing sing sing sing sing sing sing-sing sing-sing-sing-sing sing sing-sing-sing-sing-sing sing-sing-sing-sing-sing-sing sing sing-sing-sing-sing-sing-sing-sing-sing-sing-sing-sing-sing-sing-sing-sing-sing-sing-sing-sing-sing-sing-sing-sing ay na sing-sing ay na sing ay na sing ay nag-sing sing na sing ay na sing-sing ay na sing sing sing ay na sing sing sing sing sing sing sing sing na sing na sing sing ay nag-sing ay nag-sing ay nagbo na sing-ang sing sing-ang-ang na sing sing-sing sing-ang na sing-sing-sing-sing-sing-ang at sing-ang-sing-sing-sing-sing ay nag-sing ay na sing-ang na sing-sing-sing ay na",Ang Ed Sheeran at Two Door Cinema Club ay ang mga unang akto na inihayag para sa Ibiza at Mallorca Rocks 2012.
"Ang Cumbria Police Authority ay nagtakda ng panghuling badyet nito, na nagsasangkot ng pag-iimpok ng £18.7m sa loob ng susunod na apat na taon, na inilalarawan ito bilang ""walang katulad"" na mga panahon. gayundin ang opisyal na bilang ng mga bawas, na matatamo sa pamamagitan ng natural na istage, 235 staff posts ang patungo. Ang chairman ng Authority na si Ray Cole ay nagsabi na sinusuportahan nito ang programme of cits at tinanong na ang frontline councty ay hindi apektado hangga't maaari."" Sinabi niya: ""Ang badyet na napagkasunduan natin ngayon ay ang una sa isang apat na pwersa ng isang yugto ng pagbabago na ito ay nagsasabi na ito'y nangangailangan ng apat na Cy upang matugunan ang mga feat sa loob ng panahon.""","Magkakaroon ng 100 mas kaunting opisyal ng pulisya sa Cumbria, ito ay nakumpirma."
"Si Marine FoldC ay maglalaro ng Yourinho's Premier League sweet sa ikatlong round ng paligsahan sa 10 Enero. Ngunit ang mga fans ay maaring maharang mula sa Merseyside stadium dahil sa coronavirus na mga restriksiyon.Ang punong executive officer na si James Leary ay nagsabi na ito ay kailangan na rin ngunit ang ""pag-aalsa"" ay kahit na ang larong Marine Travel Arena sa Crosby. Sa halip ay maaring mag-erecorecord lang sa isang malaking enterymbermbermbers. Ang lathalaing ito ay maaaring mag-100.","Ang isang hindi-league football team ay humahawak ng isang raffle upang muling i-coup ang ilan sa £100,000 na sila ay nakatayo upang matalo habang ang kanilang FA Cup clort-tie kasama ang Tottenham Hotspur ay nag-eebolb sa mga saradong pinto."
"Ang kawanggawa sa pangangalaga ay nagsabi na nagwawakas sa labis na pangingisda at mas mahusay na mga hakbang sa pangangalaga ng dagat ay magiging mas mabuting paraan. Ang isang pilot schedule na barilin ang mga seal ay nasa ilalim ng konsiderasyon ng pamahalaan ng Ireland sa mga counties Cork at Kerry. Ang charity ay nagsabi na ito ay isang mabuting balita na ang mga numero ng seal ay dumami. Pádrag Fogarty, mula sa Irish Wildlife Trust, sinabi niya na ang RTÉ na ang mga seal ay isa sa mga unang protektadong uri sa Ireland. Ang nabawasang mga suplay ng isda ay resulta ng isang ""ecological na pagguho ng ecosystem,"" sinabi niya na ang R&T ay isa sa mga local custry Department na itinatag para sa pamamagitan ng local cules at ang mga local cules.",Ang isang plano na cull seal number sa mga katubigan ng Ireland upang pagbutihin ang suplay ng isda ay binatikos ng Irish Wildlife Trust.
"Sinabi ng The Royal College of Nursing na ang N&M's Hospital sa Cambridge, kung saan 200 pa ang kinakailangan, ay humihiling sa umiiral na mga kawani na gumawa ng karagdagang mga pagbabago. Sinabi ng The Royal College of Nursing na mapanganib para sa kalusugan ng mga kawani at mga pasyente kung kinakailangan ang tatlong ekstrang mga pagbabago sa ospital bawat linggo. Sinabi ng ospital na ang kampanya nito ay sinadya at ang bagong kuwalipikadong mga kawani para sa lahat ng departamento. Sinabi ng isang tagapagsalita ng ospital na ""Cambridge University Hospitals ay naglunsad ng isang pambansang kampaniya para sa mga nars, komadrona at mga katulong sa pangangalaga.""","Isang ospital sa Cambridge ang mangalap ng mga nars, komadrona at iba pang tauhan mula sa Europa upang matugunan ang mga kakapusan sa silid."
"Ang sanhi ng kamatayan ni Byun Hee-soo, isang transgender na tagapangampanya ng mga karapatan sa Asya, ay hindi pa alam. Siya ay naglunsad ng isang palatandaang legal na hamon laban sa militar noong Enero sa kanyang pag-alis.Ang kanyang petisyon para sa restorasyon doon ay tinanggihan noong Hulyo.Ang Timog Korea ay nananatiling konserbatibo sa mga bagay na may kaugnayan sa LGBT komunidad. Ang 23-year-old ay nakatanggap ng payo mula sa isang sentro ng kalusugang pangkaisipan malapit sa kanyang tahanan sa Cheongju sa lalawigan ng Chungcheong (na-timog-silangang bahagi ng Seoul).Ang kanyang mga sundalong militar ay hindi maaaring magrehilingan pagkatapos ng mga serbisyo na tinawag na may kaugnayan sa kanyang mga tauhang pang-isip ng estado at magmula noong Pebrero-K.","Ang unang transgender na sundalo ng Timog Korea, na pinalabas sa militar dahil sa pagsailalim ng gender reassignment surgery, ay natagpuang patay sa kanyang tahanan."
"Mula sa 57 lugar, tanging ang walong mas malalaking ""supersites"", na bumubuo sa halos 90% ng materyal na nakolekta, ang mananatili. Sampu pa ang magiging salamin lamang ang mga lugar bilang mga garapon at bote ng salamin ay hindi nakolekta sa pamamagitan ng kerbside scheme, na ipinakilala noong Marso 2014.Ang recycling officer na si Tina Norman-Ross ay nagsabi na ito ay sumusunod sa bumabagsak na paggamit at ang paglipat ay dapat magtipid ng £25,000 sa unang taon nito.Siya ay nagsabi na ang pagtatantiya ay hindi kinabibilangan ng anumang pera na kakailanganin upang magamit sa pagpapanatili, ang mga restoryments at ang mga bids ay ang mga bidyovements. ""Ang karamihan ng mga pangunahing mga fewrewner fewner fewreachments fewreatments:"" Ang mga pangunahing mga site ay ang mga ito ay naka-R.""",Ang mas maliliit na sentro ng pagreresiklo ay malapit sa Guernsey kasunod ng pagpapakilala ng kerbside recycling.
"Ito ay upang itampok ang huling yugto ng £7m revival ng HMS Alliance, na nagresulta pagkatapos ng mga dekada ng pagkakalantad sa tubig sa dagat at pamamasa. Ang 60-metre (196 ft) scarf para sa conning tower ay ginagawa ng higit sa 200 tagabuo mula sa Gosport. HMS Alliance, na naka-apela para sa Royal Navy Submarine Museum sa Gosport, ay muling i-plaunched sa Spring 2014. Ang mga magninger ay nakapagtapos ng 40res (131 ft) at nag-apela para sa mas maraming mga lana sa panahon ng Even.",Ang mga knitter sa kahabaan ng Hampshire ay gumagawa ng isang dambuhalang bandana upang balutin ang kahuli - hulihang nabubuhay na submarinong Britano na WWII.
"Sampung mga manggagawang gumagawa ng midya sa Yew Treats hospital sa Kirby-le-Sobken ay nasuspinde sa gitna ng mga pag-aangkin ng mga pasyente na ""nakatali, sampal at sipa"". Sinabi ng Essex na ito ay nakatanggap ng ulat tungkol sa isang pagsalakay noong Hulyo, at nirepaso ng mga opisyal ang CCTV footage bilang resulta. Ang puwersa na sinabi ng dalawang tao ay ""voluntallly interview"" na ginawa ng Observations of the works, at sinabi ng D&C. Ang animationscenter's ay ang mga inserved inserved inserved on the works, and works, at works on the works. Ang animations. Ang mga pasyente ay sinabi ni Cread.","Ang isang pag-atake ay kabilang sa ""maraming mga alegasyon"" na ginawa sa mga pulis na nagsusuri ng isang yunit ng kalusugang mental."
"Ang co-organiser ng pangyayari ay nagsabi sa Twitter na sa kabila ng mga balita, ang pista sa susunod na taon ay hindi lumipat sa Setyembre.Ang Founder Michael Eavis ay nauna nang nagsabi na ang kapalaran ng 2021 pangyayari ay hindi tiyak habang ang pista ng taong ito ay nakansela dahil sa coronavirus.Ang kanyang anak na babae na si Emily ay nagsabi: ""Kami ay masyadong naka-asinta pa para sa Hunyo."" Ang 2020 pista ay naging ika-21 anibersaryo at 135,000 tagahanga ng musika na bumili ng mga tiket sa susunod na tag-init.""Sa halip ay sinabi namin na ang mga ito ay naka-redirect ang mga rebove para sa ika-21 na records.[kailangan ng Oktubre't.","Ang mga organista ng Glastonbury ay naglalayong ibalik ang kapistahan noong Hunyo, sabi ni Emily Eavis."
"Ang Reds ay nakaharap sa Chelsea sa Anfield sa 20:15 BST sa isang home season end para sa mga bagong kampeon sa Ingles. Gayunpaman, ang mga tagahanga ay nahimok din na huwag ulitin ang mga malawakang pagtitipon na bumati sa titulo ng koponan. Sinabi ng Pulisya na ang mga manlalaro ay magdiriwang nang seryoso sa labas ng lupa ""100%"" hindi totoo. Merseyside Police's detective Liverpool FC Twitter na nagpaskil ng isang tweet na direktang nagpapahayag sa mga tagahanga. Ito'y nagbabasa ng: ""Ang mga media tungkol sa isang palabas na pangkat na may kaugnayan sa Anfield na ito."" Ang animevelylylylylylylylylylylylylyly's incread incread into incle on the plays to the works to thewards to the works to the works to the works to the works to the works to the the works works works works works."" (save for the works works to the works works works) at works works works works in the works.",Ang mga pulis ay lumipat upang alisin ang mga balita na ang mga footballer ng Liverpool ay lilitaw sa labas ng istadyum ng samahan pagkatapos na itaas ng pangkat ang Premier League trophy.
"Ang iminungkahing mga plano sa Barton sa pamamagitan ng Oxford City Council at developer Grosver ay makakakita ng 885 na mga tahanan na itinayo. Ang pag-unlad ay kinabibilangan ng isang supermarket, pavilion ng palakasan, mga distribusyon at posibleng isang hotel. Si Ed Skeates, ng Grosveror, ay nagsabi: ""Ito ay isang napakahalagang mahalagang kaganapan para sa proyekto at maglalaan ng maraming-kinakailangan na mga tahanan."" Ang isang link na daan para sa mga bus sa ibayo ng A40 ay maaaring mag-ugnay ng bagong estasyon sa Oxford. Ang isang serye ng mga detalyadong aplikasyon sa pagpaplano mula sa mga napiling mga bahay-tayo ng bahay ay isasailalim sa 2015.",Ang mga plano na magtayo ng isang bagong tirahan at paaralang primarya sa Oxford ay binigyan ng balangkas na pagsang - ayon sa pagpaplano.
"Ang November at M90 sa timog ng pagtawid ay isinara at ang tulay mismo ay magiging bukas para sa lokal na pag-access lamang sa Sabado hanggang 06:00 sa Lunes. Ang saradong bahagi ng daan ay kinabibilangan ng M9 streets. Ang daang diversion ay magsasangkot sa M9. Ang Tulay ng Kincardine at A985 ay maaaring magkaroon lamang ng isang magandang daan sa pagitan ng B8 South Queen Consferry, Kirkliston at Dalmeny. Ang gawain ay magpapangyari sa demoliksiyon ng tulay sa pagitan ng mga akdang B8sfer sa pagitan ng mga gawang Asya, at ang mga ito ay lubos na ang mga sanggunian ay matutukoy sa loob ng mga sanggunian sa loob ng mga sanggunian, at ang mga sangguniang pang-C. """"[kailangan ng mga sangguniang pang-C.",Ang pangunahing daan na nagpapakain sa Tulay ng Daang Forth mula sa timog ay nagsara sa lahat ng trapiko para sa gawaing demolisyon upang tanggalin ang isang tulay sa ibabaw ng A90.
"Ang babala ay dumating kasunod ng pagdami ng mga kababaihan na natagpuang masyadong lasing upang magsalita at ang ilan ay nag-aabuso sa mga tauhan sa Swansea city counclement.[kailangan ng sanggunian] Ang pangunahing pag-iisip ng mga kababaihan tungkol sa di-angkop na pananamit sa panahon ng taglamig.[kailangan ng sanggunian] Ang Wales's 26-3 Anim na Bansa ay nag-uutos sa Ireland na sinusundan ng Swansea City's 3-0 Premier League.[kailangan ng tulong] Ang mga babae ay patuloy na nag-eresulta sa buong panahon ng pag-eremonyo sa pamamagitan ng pag-produced sa pamamagitan ng pag-producedres. ""Ang mga babae ay patuloy na nagbibigay-int sa pamamagitan ng mga lugar sa pamamagitan ng pag-int sa pamamagitan ng pag-mo-mo-int sa pamamagitan ng pag-int sa pamamagitan ng pag-mote sa pamamagitan ng pag-mo-mote""""[kailangan ng mga lugar sa pamamagitan ng mga tao sa pamamagitan ng mga tao sa pamamagitan ng mga tao sa pamamagitan ng pag-mote sa pamamagitan ng mga babae sa pamamagitan ng mga tao sa pamamagitan ng mga lugar sa pamamagitan ng mga lugar sa pamamagitan ng pag-int."".",Ang mga kabataang babae ay hinihimok na alagaan ang kanilang sarili sa labas ng bahay sa gabi o harapin ang nagwawakas sa ospital o sa isang selda ng bilangguan.
"Titingnang mabuti ng Education ang pagsulong na ginagawa sa siyam na lokal na mga lugar ng awtoridad na may pinakamataas na reperensiya ng mga batang namumuhay sa kahirapan.Ang pamahalaan ay nagnanais na isara ang puwang sa paggawa sa pagitan ng mga bata mula sa mayaman at mahinang pinagmulan. Isang pilot scheme para sa mga pagsisiyasat ay magaganap sa West Dunbartonshire.Ang Interim HM Chief Inspector of Education, Graeme Logan, ay nagsabi na ang taon-habang programme ng nakatuon na pagsisiyasat ay titingnan ang pagsulong sa tatlong pangunahing mga lugar: Si Mrgan ipinahayag sa panahon ng pagbisita sa Bellmy Education ay nagsabi na ang mga lokal na pwestowersa sa pamamagitan ng mahusay na pag-produced na pag-produced sa pamamagitan ng pag-produced sa pamamagitan ng mga lokal na pag-produced. ""Wimento ay pinili sa pamamagitan ng mga lokal na pag-produced upang mainment sa pamamagitan ng pag-produced."" Ang mga locallying sa pamamagitan ng mga local producations at ang mga locallys upang maintrys.",Dapat suriin ng mga tagapagsiyasat kung gaano kahusay ang mga paaralan sa pagtulong sa mga batang namumuhay sa karalitaan.
"Wightlink, ""The Red Funnel and Hovertravel jointly conclusioned new limited with Portsmouth and Southampton and the Isle of Wight."" Sinabi ng mga kompanya na mayroon daw ""halos ganap na pagbaba"" sa pangangailangan ng mga pasahero pati na rin ang nabawasang mga suplay ng kargamento. Sinabi nila na ang mga bagong talaorasan ay mag - iingat ng ""buhay"" na serbisyo. Ang Wightlinklink ay naka-out sa mga kompanyang Lymton-Yarmouthor car ferry sa pagitan ng mga sasakyan sa loob ng bansang ito. ""The Portsmoodyn'tec.","Ang mga paglalayag ng Ferry sa ibayo ng Solent ay nababawasan sa isang ""skeleton service"" sa gitna ng coronavirus crisis, ang mga operators ay naghayag."
"Siya ang tanging kandidato na humalili kay Ms de Brun, na bumababa bilang isang MEP sa personal na mga kadahilanan. Sinabi ni Ms Anderson: ""Si Boirbre ay isang kaibigan at lider at nag-iwan ng mga malalaking sapatos para sa akin upang punan.""Siya ay isang pangalang pambahay, gumawa siya ng mahalagang kontribusyon sa ating pagpupunyagi at muli niyang gagawin ito at siya ay magiging isang mahirap na pagkilos na dapat sundin."" Ang paglipat ay nangangahulugan na si Sinn Fein ang papalit kay Ms Anderson sa kapulungan at mahanap ang isang bagong junior minister para sa Unang Tanggapan ng Unang Ministro at si Deputy Deputy.","Si Martina Anderson ang papalit kay Bairbre de Brun sa Parlamentong Europeo, si Sinn Fein ay nakumpirma."
"Sinundan ito ng isang panloloob sa Galleywood, malapit sa Chelmsford, kung saan sinabi sa kanya ng herlery and isang games console.Ang pinaghihinalaang magnanakaw ay binigyan ng babala na kung paanong ang Punong Constable na si Jim Barker-Mcardle ay nagsabi na siya ay nag-iwan sa kanya ng ""stagger"". Sinabi ni Esscript Police and Crime Commissioner Nick Alston na nais niyang malaman kung gaano kadalas na ang pag-alala sa kanya ay ginamit. ""Ang sinabi ni M&C ay isang hiwalay na insidente o kung ito ay nangyari,"" sabi niya ang isa sa mga bagay na nangyayari ngayon ay may ibig malaman na mangyari.""[kailangan ng higit pa ang kanyang pansin, mas marami pang mga pangyayari kaysa sa media.",Ang paglalabas ng mga babala sa pinaghihinalaang mga magnanakaw ng pulisya sa Essex ay dapat repasuhin.
"Si Chwanae Teg ay nagsabi ng mga saloobin tungkol sa kasarian na malaki ang epekto sa dalaga.Si Helen Antoniazzi, tungkol sa charity, ay nagsabi ng sarili nitong pananaliksik tungkol sa karera ay nag-iisip na ang mga dalaga ay maaaring nagigipit sa mga papel ng kasarian-stereotype.[kailangan ng sanggunian] Si Cafe ay nagsabi na naranasan niya ang kanyang ""fair share of sexism"", kahit na kapag siya ay kanyang sariling boss. si Ms Roberts, 22, ay nagpapatakbo ng The Haystack sa Swansea lamang.[kailangan ng anim na buwan, sinabi niya na siya ay nag-isip lamang ng anuman sa kanya.""","Hindi dapat harapin ng mga babae ang di - pormal na sekso sa dako ng trabaho sa ganang sarili nila, sabi ng isang nangungunang pagkakapantay - pantay na kawanggawa."
"Ang PC Darren Bond ay nakatakdang sentensiyahan noong 21 Setyembre saidentation Court pagkatapos aminin ang walong pagkakasala na may kaugnayan sa mga mahahalay na larawan.Ang isang maling pakikinig sa malubhang maling paggawi ay gaganapin sa publiko sa punong - tanggapan sa pwersa sa Martes. Ang Bond, 46, ay nakahimpil sa Kenneth Steele House sa Bristol.Ang maling paggawi ay makaririnig ng ebidensiya na dalawang telepono ang kinuha nang ang kaniyang tahanan ay siyasatin noong Nobyembre 2017. ""Ang Wolly Phoughterhavious'y naglalaman sila ng 579 na mga larawan - ilan sa pinakamataas na antas ng graben at anim na mga files ng mga bata ay tinanggap sa pamamagitan ng Agosto, ay umamin sa pamamagitan ng pag - na pagsusuri sa pamamagitan ng pag - ilalim ng pag - ng pag - sa pamamagitan ng pag - ilalim ng pag - ng hukuman na pag - ilalim na pag - ilalim ng hukuman na pag - sa - ilalim na pag - ilalim ng hukuman.""",Isang opisyal ng pulisya na Avon at Somerset na gumawa at ibinahagi ang mga larawan ng pang - aabuso sa bata sa mga forum sa internet ay nakatakdang dambuin mula sa puwersa.
"Ang bituin, na gumanap ng Mr Sulu, ay isa na ngayong high-profile na tagapag-eksperimento para sa mga karapatan ng LGBTI. Pagkatapos bumili ng isang bagong tagatalon, nilibot niya ang ilan sa mga makasaysayang lugar ng kapuluan at dumalo sa isang storytelling eventure.Ang isang tagahanga ay nagkomento sa social media na ang 81-year-old na hitsurang parang siya ay nabubuhay nang mahaba, at umuunlad. Gayunpaman, na ang shpfrase ay pag-aari ng karakter na si Mr Spock, na siyang nanguna sa USStelly.",Ang dating aktor ng Star Trek na si George Takei ay nagdulot ng katuwaan nang dumating siya sa Orkney sakay ng isang barkong naglalayag.
"Sinabi ng punong tagapagpaganap na si Mark Fields na ito ay ""sumusulong"" na may planong ilipat ang produksiyon ng maliliit na kotse mula sa planta nito sa Michigan. Gayunpaman, paulit-ulit niyang tiniyak na walang mga trabaho ang mawawala dahil sa paglipat.Si Mr Trump ay nagpahayag din sa panahon ng kampanya ng halalan na magpataw ng taripa sa mga pag-aangkat ng kotse mula sa mga kompanyang katulad ng Ford. Sinabi niya na ang mga kompanyang lumipat sa ibang bansa ay maniningil ng ""a 35% tax kapag nais nilang ipadala ang kanilang mga produkto pabalik sa Estados Unidos"". Sinabi ng pangulo na siya ay magtatayo ng isang pader na ang mga US-ACOD.""",Ang US carmaker Ford ay nagreresulta sa mga plano upang ilipat ang ilang produksiyon sa Mexico sa kabila ng isang banta ng President-elect Donald Trump upang ipatupad ang mga she highth taripa.
"Ang dayuhang ministro na si Maria Fernand Espinosa ay nagsabi na ang UK ay ayaw makibahagi sa mga pahayag tungkol sa kanyang paglaya. Ang isang tagapagsalita ng UK Foreign Office ay nagsabi na si Mr Assande ay dapat ""iwanan ang embahada upang harapin ang katarungan"". hindi maaaring magkaroon si Ginoong Assang, 46, ng pananatili sa loob ng London embahada sa pagitan ng 2012 kung saan siya ay pinagkalooban ng pampulitikang asilo. Ang pag-aresto laban sa kanya ay pinagtibay ang kahulugan sa sandaling siya ay lumabas sa embahada na sinabi ng ministro ng Ecuador: ""Sa pagitan ng isyu ng Eskosya"" Ang lathalaing ito ay hindi na may pahintulot ng E."" Ang lathalaing ito ay may pahintulot ng E.",Ang Ecuador ay nagsasabi na ang pinakahuling pagsisikap ng bansa na ayusin ang paglisan ng tagapagtatag ng WikiLeaks na si Julian Assange mula sa embahada nito sa London ay nabigo.
"Sinabi ni Walsh na ang mga manonood ay dapat na ""makita ng maraming midya"" mula sa episodyo. Ang pares ay nasa panig ni Jodie Whittaker mula pa noong 2018. Sinabi ni Cole na ito ay ""isang karangalan"" na tinugtog ni Ryan sa tapat ng Walsh's Graham at Whittaker's Doctor. Ang Titled Revolution of the Daleks, ang espesyal na kasama nila ay si John Barrowman bilang Captain Jack Harkness. Sinabi ni Barrowman na ito ay ""malaki"" at bumalik sa palabas na ""ty'ty't na si Whith"" na si Whicks't na si Whicks na unang si Whicks.","Sina Bradley Walsh at Tsin Cole ay gagawa ng kanilang huling pagpapakita bilang mga kasama ng Doktor sa Doctor Who special on New Year's Day, ang BBC ay nagsiwalat."
Ang aparato ay namataan ng isang tao na nag-uuri sa pamamagitan ng mga pag-aari ng isang kamag-anak sa isang bahay sa Kingsway sa Waterloo noong mga 10:50 GMT. Ang mga opisyal na specialist mula sa pangkat ng pagtatapon ng bomba ay tinawag sa eksena at ginawang ligtas ang aparato.Ang Kingsway ay isinara sa pagitan ng Crosby Road North at Stuart Road bilang pag-iingat ngunit kalaunan ay muling binuksan.,Isang lugar sa Merseyside ang nahukay pagkatapos na masumpungan ang pinaniniwalaang isang granada noong Digmaang Pandaigdig II.
"Isang kabuuan ng apat na mga lalaki ang pinaratangan ngayon ng pagpatay kay Jack Donoghue, na namatay sa ospital pagkatapos ng pagsalakay malapit sa Popworld sa Solihull noong Sabado. Tyllall Blake, 21, ng walang tiyak na direksiyon, at si Nile Bennett, 22, mula sa Erdington, Birmingham, ay humarap sa mga mahistrado ng lungsod noong Huwebes. Connor Moore, 20, at Regan Watters, 21, ay humarap sa crown court na mas maaga. Ang pares, mula sa Lichfield at Birmingham, ay muling humarap sa mga mahistrado ng lungsod noong ika-6 ng Enero-20 na hulyo ay inaresto rin sa pamamagitan ng hukuman sa pamamagitan ng isang marahas na imbestigasyon sa pamamagitan ng pag-Hulbandista sa pamamagitan ng parusa sa hukuman sa pamamagitan ng G.",Dalawa pang lalaki ang pinaratangan ng pagpatay sa isang 21-year-old na sinaksak malapit sa isang nightclub.
"Lewis Daniel Thornton, Daniel Gerald Ferris at Rory Allen leave HMP Sudbury, sa Derbyshire, sa Sabado at nabigong bumalik. Ang mga ito ay may mga koneksiyon sa Birmingham, Wolverhampton at Walsall. Derbyshire Police ay nagbabala sa publiko na huwag lumapit sa mga tao, at sinabi na ang sinumang makakita nito ay dapat magkaroon ng puwersang ""imperyal"". Thornton, 29, ay nahatulan ng manller sa Wolverham Crowan Court noong 2016 Siya ay may kaugnayang puti at ang kanyang katawang bughaw ay nasa loob ng kanyang mga kawing na websayt. ""Ang lathalaing Filipino ay may kulay na asul na buhok.""","Tatlong kriminal, kasali na ang isang nahatulan ng pagpatay sa kapuwa tao, ang umurong sa bilangguan."
"Tinataya ng Egyptian telecoms firm Orascom, na isang kapareha sa Koryolink, na higit sa 1 milyong Hilagang Korean ang gumagamit ng mobile phones.""Hindi nila magagamit ang bagong serbisyo, ayon sa mga ulat. Orascom inilunsad ang isang 3G phone network sa loob ng Hilagang Korea noong 2008, ngunit magagamit lamang ito ng mga gumagamit upang makagawa ng mga tawag sa telepono. Ang mga tawag na pang-internasyonal, kasama ang mga tawag sa South Korea, ayon sa mga ulat. Ang Orascom ay sinimulang payagan ng mga banyagang mga bisita na dalhin ang kanilang sariling mobile devices sa bansa sa unang pagkakataon upang makagawa ng mga tawag sa telepono. Ang mga kamakailang pag-maya'y ay ang mga naka-katanging mga locally locally locally services."" Ang mga locally access sa South Korea, at ang mga locally locally locally locally locally locally locally access sa kanilang mga locally locally locally locally locally locally locally locally ccess sa mga adry adge na adge na ad upang maka-movements, at ang mga site ay naka-outs.",Ang North Korean mobile phone provider na si Koryolink ay nagbabalak na maglunsad ng isang 3G data service para sa mga dayuhang bisita at residente mula sa ibang bansa.
"Ito ay humula na ang mga presyo ay magreresulta sa pagtaas ng 1% sa pagitan ng 2016 at 2020. Iyan ay nasa ibabaw ng pagtaas ng 5% Inaasahang gagawin nito bilang resulta ng pangkalahatang inflation. Ang Living Wage ay nangangahulugan na ang minimum na sahod ay itatakda sa £7.20 isang oras para sa mga mahigit-kumulang mula Abril 2016, na tinatayang tataas sa £9.35 sa 2020. Ang hula ay dumating sa kalahating taon na mga pakinabang ng pre-tax na dumating sa £347, na nagreresultadytad sa pagitan ng 24% na panahon ng pag-15. Ang mga unang pag-aaral ay lumago sa pagitan ng 2014.",Ang retailer Next ay nagtakda ng epekto sa presyo ng National Living Wage ng pamahalaan.
"Siya ay hahalinhan ng chairman na si Masashi Muromachi, na ang bise-chairman na si Norio Sasaki ay tumatapak din. Noong Lunes, isang independiyenteng panel na hinirang ni Toshiba ang nagsabi na ang kompanya ay labis na nailista ang kanyang pakinabang sa pamamagitan ng isang kabuuang 151.8bn yen ($1.22bn, £780m).Ang overstatement ay halos triple ang isang panimulang pag-aaral ng Toshiba. Ang ministro ng pananalapi, si Taro Aso, ay nagsabi na ang kaso ay maaaring humina sa pamamahala ng korporasyon.Ang natagpuang pang-militar ay patuloy na ang mga kita ay nagreportasyon pagkatapos ng mga senior ad.""",Ang punong tagapagpaganap at pangulo ng Toshiba na si Hisao Tanaka ay magbibitiw matapos sabihin ng kompanya na sobra na ang kinita nito sa nakalipas na anim na taon.
"Ang malayang pagpaparada ay mababawasan mula sa isang oras hanggang 30 minuto mula 15 Agosto. Ang maikling pagpaparada ng sasakyan ay singilin sa isang taripa ng £1 sa pagitan ng 31 minuto at isang oras, £1.50 sa loob ng hanggang dalawang oras at £2.50 sa loob ng hanggang apat na oras. Ang may kapansanang parking ay patuloy na magiging walang bayad para sa mga patron sa paliparan.Ang panimulang panukala na magpataw sa loob ng isang oras sa loob ng buong unang oras ay natugunan ng oposisyon mula sa mga pasaherong pampasahero ng Man noong nakaraang apat na buwan.Ang ministrong infrucation na si David Cret ay nagsabi na ang mga pasahero ay maaaring umalis sa loob ng 30 minuto sa loob ng maikling panahon sa loob ng publiko at ang mga pasaherong ito ay makakapagtipong remahayagan, at ang mga pasahero ay maaaring tumugon sa pamamagitan ng mga positibong paraan na ito. ""We.""","Isang bagong sistema ng mga singil sa paradahan ang ipakikilala sa paliparan ng Ronaldsway sa dakong huli ng buwang ito, ang pamahalaan ng Isle of Man ay nakumpirma."
"Ang 21-year-old ay natagpuang malubhang nasugatan sa Milan Road, Harehills, sa sandaling pagkatapos ng 19:00 GMT noong Lunes.Siya ay namatay ng maikling panahon mamaya sa ospital. Katar Ali, 29, ng Milan Road, ay nakatakdang humarap sa Leeds Magistrates' Court mamaya. Isang 34-year-old na lalaki na naaresto may kaugnayan sa insidente ay inilabas nang walang bayad, sabi ng pulisya.",Isang lalaki ang pinaratangan ng pagpatay pagkamatay ng isang babae sa Leeds.
"Ang mga virus ay natagpuan sa mga computer sa opisina at sa isang sistema na ginagamit upang i-modelo ang paggalaw ng nuclear fuel rods. Ang kompanya ng kuryente na RWE ay nagsabi na ang impeksiyon ay hindi banta sa planta dahil ang mga sistema ng kontrol nito ay hindi naugnay sa internet, kaya ang mga virus ay hindi maaaring mag-ebolb sa mga federal na cycle ng RW. Ang mga intelektwal na mga network ay hindi naimpluwensyahan ng mga sasakyang nukleyar at ang mga virus ay direktang na ginagamit bilang mga remictual na mga tindahan sa opisina na natagpuan ang Guncrewn.Ang mga planta ay hindi na naka-produksiyon ay na naka-produced sa mga computer ay naka-produced. Ang mga system ay naka-produced sa mga computer ay naka-produced sa kasalukuyan ay naka-produced. Ang mga computer ay naka-produced sa mga system ay naka-produced sa mga system na naka-produced. Ang mga system at ang mga system ay hindi pain ay naka-produced. Ang mga system na naka-commited na naka-produce sa mga system na naka-produced.",Ang mga virus ng computer ay nakahawa sa mga PC na ginagamit sa isang Alemang nuclear power plant.
"Inaasahan nila na ang £680 sign, na itinakda sa kongkreto, ay makapipigil sa mga magnanakaw. Ang mga naunang tanda ay madalas na ninakaw ngunit hindi napalitan mula noong huling pagnanakaw tatlong taon na ang nakalilipas.Ang Villaver Ian Ventham ay nagsabi: ""Bawat dalawa o tatlong taon na may dumating at sumasakop sa ating tanda dahil, maliwanag, si Shitterton ay nakatutuwa."" Idinagdag pa niya: ""Ang Purbeck District Council, na hindi labis na nag-endow sa pamamagitan ng pera sa sandali, ay papalitan lamang ito ng isa pang palatandaan."" Ang Stterton ay ninakaw kaya ay ang mga kaunti pang mga residente ng feeved upang kunin ang isang ideya na nasa loob ng ika-6 na siglo, at ang mga taga-11't-8.""",Ang mga taganayon sa Dorset hamlet ng Shitterton ay gayon na lamang ang pagpapakain sa kanila sa pamamagitan ng kanilang pag-aalsa na ninakaw sila ay naglagay ng isang bersiyong bato.
"Si Dawn Smith, 28, at Ross MacDougall, 32, diumano'y pinatay niya si Tracey Walker, 40, sa Ladies Drive sa Lerwick noong 30 Hulyo, 2019.Sa unang araw ng paglilitis narinig ng mga hurado ang isang legal na dokumento na nagdedetalye sa mga paratang.Ang mga nagsakdal ay nagsasabing ang dalawang akusado ay nagtangkang magnakaw sa kaniya ng salapi at pumatay sa kaniya.",Dalawang tao ang nilitis dahil sa pagpatay sa isang babae sa Shetland sa pamamagitan ng paulit - ulit na paghampas sa kaniya sa leeg sa pamamagitan ng isang kutsilyo.
"Si Martin Green, 50, ay nagsaksak ng Stuart Morris sa kamatayan sa Leicester, ngunit inangking ang kanyang kaibigan ay sinalakay habang siya ay may ""been to the shops"", sinabi ng pulisya.Si Green ay nagmakaawa sa kanya na pumatay sa ikalawang araw ng kanyang paglilitis.Ang pamilya ni Mr Morris ay nagsabi na alam ng mamamatay-tao ang ""tragic passs"" kasunod ng isa pang pagpatay ng pamilya 26 na taon na ang nakalilipas.Ang pagbabayad ng parangal kay Mr Morris, ang 50-year-old's na mga tindahan ay nagsabi sa isang pahayag: ""Siya ay ang ating malaki, malumanay na si SE't na ang isa ay nag-alang-alang-alang-alang-alang-alang-alang-alang-alang-alang-alang-alang-alang-alang-alang-alang-alang-alang-alang-alang-alang-alang-alang-alang-alang-alang-alang-alang-alangan sa kanyang pinang-alang-alang-alang-alang-alangan sa kanyang pinang-alang-alang-alang-alang-alang-alang-alang-alang-alang-alang-alang-alang-alang-alang-alang-alang-alang-alang-alang-alang-daan sa kanyang pinang-alangan ang kanyang pinang-alangan ang kanyang pinang-alangan sa kanyang pinang-alang-alang-alang-alang-alang-alang-alang-alang-alang-alang-alang-alang-alang-alang-alangan ang kanyang pinang-alang-alang-alang-alang-alang-alang-alang-alang-alang-alang-alang-alang-alang-alang-alang-alang-alang-alang-alang-alang-alang-alangan,"" ang kanyang pinang-ng-alangan sa kanyang na ito ay ang kanyang pinang-ng-alang sa kanyang inaan sa pamamagitan ang kanyang inaananananananananang-alang-alang-alang-alang-alang-alang-alang-alang-alang-alang-alang-alang-alang-alangan sa kanyang inatugang-alangan sa kanyang inatugap.""."".""."".","Isang tao na pumaslang sa kanyang kaibigan at bumuo ng isang ""web ng mga kasinungalingan"" upang takpan ang kanyang mga bakas ay nakulong ng hindi bababa sa 21 taon at 10 buwan."
"Si Sophia Reis, mula sa Nottingham, ay nangangailangan ng Santander's banking service kapag sinabi ng isang kawani na hindi niya ma-access ang kanyang pera. Ang 46-year-old ay nagsabi sa kalaunan na ang tagapayo sa serbisyo ng customer ay nagresulta sa kanya dahil sa kanyang boses.Si Santander ay nagsabi na ito ay may ""di-mahalaga upang maprotektahan ang kanyang pera."" Sinabi ng 46-year-old na ito ay nangyari para sa lahat ng mga record na ginawa sa pamamagitan ng composed. ""Sa kabila ng aking ika-25""","Isang transgender na babae ang nagsabi na siya ay ""napahiya"" pagkatapos ng isang bangko na nanlamig ang kanyang account dahil siya ay parang lalaki."
"Sinabi ng isang tagapagsalita para sa Sure na sinusubaybayan nito ang network upang tiyakin na ito'y gumagana nang normal samantalang ang matataas na tomo ng mga parokyano ay nakaposas. Sinabi niya na ang sinumang parokyano na may problema pa rin ay dapat na mag - reboot ng kanilang mga ruta. Sinabi pa niya: ""Nakaranas ng ilang malalaking problema sa dulo ng sanlinggo. ""Ang mga mamimili ay patuloy na gumagawa ng kasalanan at ikinalulungkot namin ang anumang kaabalahan na maaaring dulot nito.""",Ang kompanya ng telecoms sa Guernsey na si Sure ay nagsabi na ang mga inhinyero nito ay gumagawa upang lutasin ang mga problema sa malapad na tela.
"Ang pinakamalaking tagagawa ng memory chip sa buong mundo ay humula ng mga kita ng 15.1 trilyon na napanalunan ($14.1bn; £10.4bn) - up 64% mula sa isang taon na mas maaga. ngunit habang ang mga presyo ng chip ay nag-ebolb ng mga mardyin, ang isang mas malakas na napanalunan sa mga numero. Ang record guide ay tumutulong sa kabila ng isang corruption scanding platform sa South Korea.Ang mga negosyo ng pakinabang ay bahagyang mababa sa 15.9 trilyong na nakuha ng mga analysis na sinurbey ng Reuters.Ang mga record guide ay nananatiling si Samsung sa record ng record sa mga taunang pera ng Timog Korea. Ang mga kompanya ng mga kompanya ay hindi patok sa pamamagitan ng mga pwesto ay ang isang taon para sa pamamagitan ng mga pwesto-199ing Tsino. Ang mga platform na halos 10-18 ay ang mga platforms.","Inaasahan ng Samsung Electronics na makapaghahatid ng mga rekord na kinita sa huling tatlong buwan ng 2017, ngunit ang tantiya ay hindi nakaabot sa mga inaasahan ng analyst."
"Isang kumpanya ng mga trak na sinamahan ng pulisya ang nagdala ng mga labí mula sa paliparan tungo sa palasyo ng presidente sa Lima.Si Yale ay sumang - ayon na ibalik ang mga gawa ng sining noong nakaraang taon pagkatapos ng isang mahabang kampanya ng Peru. Pinangunahan ni Pangulong Alan Garcia ang seremonya ng pagtanggap. ""Ang mga ito'y mga kayamanan, bagaman ang mga ito'y hindi yari sa ginto o mahahalagang bato, sapagkat ang mga ito'y kumakatawan sa dangal at pagmamalaki ng Peru,"" sinabi ni Mr Garcia bago pa man magkaroon ng isang pabinyagan ng baril para sa mga sinaunang bagay.","Ang Peru ay nagbigay ng labis - labis na pagtanggap sa daan - daang mga arkefact ng Inca na ibinalik ng Yale University sa US, halos isang siglo pagkatapos itong kunin mula sa bantog na kuta ng Machu Picchu."
"Sinabi ni Mr Morgan na siya ay bababa upang tumulong sa pagpapatakbo ng kanyang negosyo ng pamilya.Idinagdag pa niya na siya ay mananatiling aktibo sa partido at gagawa upang masiguro ang isang Kanyang kahalili sa kanyang upuan. Si Mr Morgan ay nahalal sa Louth County Council noong Hunyo 1999 bago siya nanalo sa isang upuan sa Dail sa halalan ng estadong Irish noong 2002, na pinanatili niya noong 2007.Siya ay isang miyembro ng Foyle, Carlingford at Irish Lights Commission na itinatag sa ilalim ng Good Friday Agreement.Sa pagsasalita ng Irish na si RTE na sinabi ni Mr Morgan na siya ay mahusay na siya ay kilalang-kilala sa lehistrid na si Daoyn na siya ay na ang desisyon ay hindi na ang nag-in ay na siya ay nagresultangganguna sa Diskripsiyon sa pwer na si Sin't.",Ipinahayag ni Sinn Fein TD para sa Louth Arthur Morgan na hindi siya tatayo para sa re-election sa susunod na pangkalahatang halalan.
"Ang 74-year-old ay natama sa labas ng kanyang tahanan sa South Stack Road, Holyhead, noong 19 Abril sa 00:30 BST. Si Mr Corrigan ay nag-aayos ng isang satellite dish sa kanyang tahanan nang siya ay tumama sa pamamagitan ng tornilyo sa kanyang itaas na katawan at kanang braso, sinabi ng North Wales Police.Ang puwersa na pinagtibay noong Sabado siya ay namatay, halos isang buwan pagkatapos na siya ay masaktan.ang sinabi ni Anglesy MP Albert Owen: ""Very malungkot na balita at kaisipan kasama ang kanyang pamilya."" Ang Local na si Joinfor ay nagre: Nagkaroon ng pagdududa sa kanya ng pag-isipan ng pag-isipan ang isang malaking pangyayari, ang isang malakihang-loob sa kanya ay maaaring magkaroon ng mga tao, ang isang malakihang-loob ng isang malaking pangyayari na may ibig sa kanya, ang kanyang mga tao ay maaaring magkaroon ng mga tao na may ibig sa pamamagitan ng mga pangyayari sa kanya.""",Si Tributes ay binayaran kay Gerald Corrigan na namatay sa ospital matapos siyang barilin ng isang crossbow.
