Unnamed: 0,text,summary
0,"Ang Defence Estates, na tumatakbo ng mga 2,400 ektarya para sa MoD, ay pinapalitan ng bagong Defence Infructment Organisation na ito. Ang MoD ay nagsabi na ang mga pagbabago ay makapagliligtas ng £1.2bn sa mga unang apat na taon. Ang unyong pang-ekonomiya ay nagsabi na ang desisyon ay ""absoluted influsion"" at hinimok ang pamahalaan na baguhin ang isip nito. Ang mga plano upang magkaroon ng mga trabahong pang-ekonomiya ay ibinalangkas sa nakaraang taon. Ang kagawaran ay nagsasabi na ito ay magreresulta sa mga pagbabago ng kalakalan, na ito'y ang mga sentral na mga gusaling pang-eksibilyan ay maghahatid ng mga gusali at maghahatid dito sa mga gusaling pang-edyerto.""","Halos 2,500 Ministry of Defence na trabaho ang mawawala sa loob ng tatlong taon, habang binabago ng departamento ang paraan ng pangangasiwa nito sa lupa at mga gusali nito."
1,"Sa pamamagitan ng Danny ShawHome affairs accounting Joseph McCann, 34, ay sinasabing dinukot at dinahas ang tatlong babae sa hilaga ng London at Watford noong nakaraang linggo. Siya ay hindi-ngunit dapat na natukoy sa Parle McC bago siya napalaya sa bilangguan noong Pebrero, habang kalahati sa pamamagitan ng pag-aalsa sa isang pangungusap para sa panloloob. Ang Ministri ng Katarungan ay sinabi na ang isang ""urgent review"" ng kaso ay nasa ilalim ng daan. McCann noong 2008 dahil sa pag-aalsa sa loob ng isang tahanan ng isang 85-yeard. Ang kanyang pa lamang na ito ay ibinigay sa pamamagitan ng isang uncrecement-OF. Ang isang under-OFORCOF.","Ang pinaghihinalaang tripleng manggagahasa na hinuhuli ng pulisya ay maaaring nagkamaling napalaya mula sa bilangguan, ito ay lumitaw."
2,"Ang pag-ibig sa paglipad at mga gawain sa tubig ay maaaring mukhang may kasamang mas batang lalaking may katulad na interes - ay kinakailangang mag-iimbestiga sa paglangoy, paglipad at ang buhay sa labas ng bahay. Sa merkado ng isang mahusay na guggle - no feather prucders sa Irlanda ay maaring mag-eensave sa pamamagitan ng pag-eendorso. """,21-year-gold na ibon ang naghahanap ng bagong tao para sa pakikipagsamahan at posibleng higit pa.
3,"Everton Nurseries na malapit sa Lymington, si Hampshire ay nagpamalas ng isang tanda na humihimok sa mga parokyano na ""mag - alaga ng mga prutas"" sa metaled platform. Sinabi ng mga kaibigan ng Lupa na ito ay ""maling - mali"" upang himukin ang paggamit ng kemikal na inilarawan upang ipagbawal ang mga pagkabahala tungkol sa mga epekto nito sa buhay - iláng. Ang tindahan nang maglaon ay gumamit ng mga apolog, sinasabing ito'y ""ganap na mali"". Ang pamahalaan ay nagpahayag ng benta ng Method.",Ang isang sentro ng hardin ay binatikos dahil sa pagtataguyod ng mga di-maagang-to-be-banned shutflies.
4,"Ang mga bisita ay nagrereklamo tungkol sa mga oras-habang paghihintay sa labas sa Leicester Royal Infirmary na humahantong sa mga hindi nakaalsang mga appointment. Inamin ng mga opisyal na may malalang problema sa mga oras. Kapuwa ang konseho ng ospital at lungsod ay naggigiit na sila ay tumitingin sa mga solusyon kabilang ang mga bagong parke ng kotse ngunit ang mga isyu sa pag-aanunsyo sa University Hospital NHS Trust, sinabi ng mga opisyal na hindi kayang harapin ang pangangailangan, lalo na dahil ang isang pribadong parke ay pansamantalang isinara. ""Ang Nigel Bounclecleclecleclecenter ay wantytytyty of theren'ty theren'ty theren'ty the stance for the works awards awards awards to the works to the works to the works works to the air air air air air air award air air air air works wre wre wre wre and the air air award air air air air air air air air air air air air air air air awards awards air air air air air air air air authre and the air and their and there wre and the the the the the the auth air air air air air air air air air air air air air air air air and the the the the the the the the the the the the the the the the the the the the the the the the the the the the the the the the the the the the the the the the the the the the the the the the the the the the the the the the the the the the the the the the the the the the the air p tre wre wre whit the the the the there wre wre wre wre wre wre wre wre wre wre wre wre wre wre wre wre wre wre wre wre wre wre wre wre wre wre wre and the the the the p tre wre wre and the",Boses sa isang ospital sa Leicester ay nagsabi na sila'y tumitingin sa mga lunas sa mahahabang paradahan ng sasakyan.
5,"Ang lider ng far-right, na pumangalawa noong 1 Enero, ay nagduda sa mga kuwalipikasyon ng mga doktor.Inakusahan din niya ang komunistang pamahalaan ng Cuba na nag-iingat ng 75% ng kanilang sahod, at tumatangging magsama ang kanilang mga pamilya.Ang draft-out ay maaaring makasira sa pangangalagang pangkalusugan ng milyun-milyong Braziln.Bakit napakaraming doktor sa Cuba?[kailangan ng sanggunian] Ang Healthcare ay ang pinaka-produce ng Cuba. Ang ""More Doctors"" aidme na nagpapatakbo sa 67 bansa, at pinalitan ang isla ng $11bn. Ang mga lokal na doktor na nagtatrabaho sa Braziln ay sinabi ng maraming indibidwal na producations."" Ang mga doktor ay malamang ay nag-comproduced sa Brazil's.[kailangan ng sources."" Ang mga doktor ay nag-F.[kailangan ng mga doktor ay nagsabi sa pamamagitan ng mga doktor ay ang mga doktor na ang mga locally's."" Ang mga locally's's."" Ang mga doktor ay sinabi sa pamamagitan ng mga locally ents."" Ang mga doktor ay naka-F. Ang mga doktor ay naka-F. Ang mga doktor ay naka-COD. Ang mga doktor ay naka-F. Ang mga doktor ay naka-F&re na ito ay naka-F. Ang mga doktor ay naka-F. Ang mga doktor ay naka-F. Ang mga locallying sa pamamagitan ng mga locallying sa pamamagitan ng mga doktor ay sinabi upang ang mga doktor ay naka-C. Ang mga local upang ang mga locallying sa pamamagitan ng mga locally na ito ay naka-C.[ang sa pamamagitan ng outren upang ang mga locallyed upang ang mga locallyed upang ang mga doktor ay naka-C.[ang sa pamamagitan upang ang mga doktors.[ang sa pamamagitan ng outren upang ang mga local upang ang mga doktors. Ang mga doktors."" upang ang mga doktors."" upang ang mga doktor ay na ang mga doktors."" upang ang mga doktor ay na ang mga doktor ay na ang mga doktor ay na ang mga doktor ay na sa pamamagitan ng outrenct."" na sa pamamagitan ng mga doktors.""'s.","Ang Cuba ay humihila sa libu-libong mga doktor palabas ng Brazil, kasunod ng tinatawag nitong ""contemptuous at nagbabanta"" na mga pahayag ng pangulo-elect na si Jair Bolsonaro."
6,"Sinasabi ng mga residente ng Moseley Green, malapit sa Parkend, na ang mga hayop ay regular na sumisira ng mga gilid ng damo sa pamamagitan ng paghahanap ng pagkain.[alam ng Forestry Commission na maaaring magkaroon ng higit sa mga hayop o isang kamakailang surbey na iminungkahi.[kailangan ng sanggunian] Ang isang cull sa pamamagitan ng komisyon ay nagsimula noong nakaraang buwan sa pagtatangkang panatilihin ang mga numero hanggang 400 bilang bahagi ng tatlong-taon na plano sa pangangasiwa. Ang mga lokal na tantiya ng mga boar ay hindi tumpak at higit pa sa target ng 135 hayop ay kailangang patayin ngayon upang maabot ang pigurang iyon.",Ang mga taong nakatira sa isang nayon sa Kagubatan ng Dean ay nagsabing hindi sapat ang mga baboy - ramo.
7,"Si Sergio Cabral ay nagsilbi ng dalawang termino bilang gobernador ng estado ng Rio mula 2007 hanggang 2014. Siya ay inakusahan ng mga tinanggap na kickbacks mula sa mga construction firms kapalit ng pagbibigay sa mga ito ng malaki ang kita na mga kontrata, tulad ng isang petrochemical plant sa Rio.Si Hukom Sergio Moro ay nagsabi na walang sapat na ebidensiya upang hatulan ang asawa ni Cabral na si Adriana Ancelmo.Ang Cabral ay ikinulong noong Nobyembre bilang bahagi ng Operation Car Wash, isang malaking pag-aklas na nagbunga sa pag-aresto ng isang mahabang listahan ng mga maimpluwensiyang politiko at mga negosyanteng tao sa Brazilian ay sinabing Cabloid.Ang dating sub-Ameral na si Cobbloimbloid ay na si Cir ay na si Bens.Ang ika-Americial na si Dr.Ang ika-Amero ay na si Ben-Amero ay na siya ay naka-Amer.[1-Amero ay na si Dr.[1 ay na si Dr.",Ang dating gobernador ng estado ng Rio de Janeiro sa Brazil ay hinatulan ng 14 na taon at dalawang buwang pagkabilanggo dahil sa katiwalian at panulaan ng salapi.
8,"Sa pamamagitan ng John CampbellBC News NI Economics & Business Eductor Ang datos ay sumusukat sa persentahe ng mga nagtatrabahong-age adults na nagtatrabaho. Sa yugto ng Marso hanggang Mayo 2019, ang bilis ng pagtaas ng 1.7 porsiyento puntos kung ihahambing sa parehong panahon sa 2018. Sa panahon ng pagbagsak ng ekonomiya, ang bilang ng trabaho ay umabot sa mababa sa 64%. Sa kabila ng pinakahuling pagtaas, ang rate ng trabaho ng Hilagang Irlanda ay mas mababa pa rin sa average na UK rate ng 76%. Ang economic induction sa Northern Ireland ay nabawasan din sa ika-4 at ang isang taon sa mga pinakamababang rate ng record sa record sa record na may-9 na mga tao mula noong ika-17 na ang mga taong gulang na may-20°N. Ang mga tao ay hindi gumagana ay nagpapahiwatig ng mga taong nakaka-11't na may kapansanan at ang mga tao ay hindi pa lamang.",Ang rate ng trabaho sa Hilagang Irlanda ay tumaas sa record na 72.7%.
9,"Sinabi ni Wiltshire Police na sila ay tinawag sa Crapper at Sons Landfill Ltd malapit sa Royal Wootton Bassett noong mga 02:00 GMT noong Huwebes.Ang lalaki, sa kanyang 60s mula sa Chippenham, ay namatay sa eksena.Ang ikalawang empleyado ay di-umano ng emergency.Ang kompanya ng pamilya-run ay nagsabi na nagkaroon ng ""malaking kalungkutan"" sa gitna ng mga tauhan sa kung ano ang nangyari. ang Pulisya at ang Health and Safety Executive ay nagsiyasat.Ang Crapper and Sons ay nag-producedrecedytecta ng mga emergency gaya ng nangyari ayon sa insidente, at ang mga tauhan ay nagsabi na may kaugnayan sa companya si Richard Senter."" ang mga nag-oplysplikspliks. """"'t.",Isang empleado ang namatay sa isang insidente sa isang tambakan ng basura.
