id,sentence1,sentence2,label
29568,"The estuary of the Batten Kill is in East Dorset , Vermont , and the source of the river is in Easton , New York .","The mouth of the Batten Kill is in East Dorset , Vermont , and the source of the river is in Easton , New York .",1
45829,"La tempestad ( International translation : The Tempest , dubbed The Storm by Univision ) is a 2013 Mexican telenovela produced by Salvador Mejía Alejandre for Televisa .","La Tempestad ( International Translation : The Storm , called by Univision the Storm ) is a 2013 Mexican telenovela produced by Salvador Mejía Alejandre for Televisa .",1
46990,"Since 2006 , when Josephine Alhanko placed himself in the Top 20 , Cerljen was the first delegate from Sweden to the international final .",Cerljen was also the first delegate from Sweden at the international final since 2006 when Josephine Alhanko placed in the Top 20 .,1
13893,"He married Lady Florence Jane Taylour , daughter of Amelia Thompson , 3rd Marquess of Headfort and Thomas Taylour , on 5 August 1875 .","He married Lady Florence Jane Taylour , the daughter of Amelia Thompson , 3rd Marquess of Headfort and Thomas Taylour , on 5 August 1875 .",1
41986,Elati is a village in the Kozani Regional Unit in Greece .,"Elati is a village in the Kozani regional unit , Greece .",1
1690,He had four siblings : twins Hope Gimbel and Caral Gimbel and the twins Peter Gimbel and David Gimbel .,He had four siblings : twins Peter Gimbel and David Gimbel ; and twins Hope Gimbel and Caral Gimbel .,1
3098,"In addition , they are physically active , free to learn and eager to explore .","In addition , they are actively physically active , free to learn and eager to explore .",1
26108,"Solomons was born in Orsett , Essex and brought up with his four siblings in Thorpe Bay by his mother and father .","Solomons was born in Orsett , Essex and with his four siblings in Thorpe Bay brought up by his mother and his father .",1
26641,"Regardless of quick sorrow , he was known for his spiritual understanding and discipline .","He was known for his spiritual understanding and discipline , regardless of quick suffering .",1
23768,"Other invitations followed and more sisters arrived for a hospital in Iloilo , schools in Vigan , Tuguegarao and Manila and a leprosary in Culion .","Other invitations followed and more Sisters arrived for a hospital in Iloilo , schools in Vigan , Tuguegarao , and Manila , and a Leprosarium in Culion .",1
39715,"In 1975 a group of five young photographers ( including Bronson Fellow Christopher Rauschenberg , son of Robert Rauschenberg ) pooled their resources to start a small gallery .","In 1975 , a group of five young photographers ( including Bronson Fellow Christopher Rauschenberg , son of Robert Rauschenberg ) collected their resources to start a small gallery .",1
23,"In mathematical astronomy , his fame is due to the introduction of the astronomical globe , and his early contributions to understanding the movement of the planets .",His fame is due in mathematical astronomy to the introduction of the astronomical globe and to his early contributions to the understanding of the movement of the planets .,1
24797,"From 1898 to 1902 , about 1,300 birds were imported from America and released from Southland to Northland in many parts of the North and South Islands .","From 1898 to 1902 , some 1300 birds were imported from America and released in many parts of the North and South Islands , from Southland to Northland .",1
34886,"The five elected candidates were Bahrain , Brazil , Gabon , Gambia and Slovenia .","The five candidates elected were Bahrain , Brazil , Gabon , Gambia , and Slovenia .",1
4410,The next two functions are analogous to the above two functions and are used for base clusters .,The next two functions are analogous to the above two and are used for base clusters .,1
9941,The Squadron RAF was a unit of the Royal Air Force in Egypt during the Second World War and then in Italy and North Africa .,651 Squadron RAF was a unit of the Royal Air Force in Egypt during the Second World War and afterwards in Italy and North Africa .,1
4704,The 1983 TV movie `` Sam Elliott : The Empty Copper Sea '' starred Travis McGee .,The TV movie 1983 `` Sam Elliott : The Empty Copper Sea '' played Travis McGee .,1
43116,"Bentley and carvings by Hugh Stannus , while the meeting room contains a decorative ceiling by Thomas Earp .",Bentley and carvings by Hugh Stannus while the board room contains a decorative ceiling by Thomas Earp .,1
39241,"In bioinformatics , inverted indexes are very important in the sequence assembly of short fragments of sequenced DNA .","In bioinformatics , inverted indices in the sequence assembly of short fragments of sequenced DNA are very important .",1
39290,"It is endemic to Hawaii , where it is known only from the northern Koolau Mountains of Oahu .","It is endemic to Hawaii , where it is only known from the northern Koolau Mountains of Oahu .",1
1923,"The album contains 16 tracks recorded during two May 2002 performances , one in Memphis , Tennessee , and the other in Chicago , Illinois .","The album contains 16 tracks recorded during two appearances in May 2002 , one in Memphis , Tennessee , and the other in Chicago , Illinois .",1
104,Ruffell was employed as an engineer in Southampton Docks and died on 3 October 1940 in Southampton on his 73rd birthday .,"Ruffell was employed as an engineer in Southampton Docks . He died in Southampton on his 73rd birthday , 3 October 1940 .",1
22637,The tendered speed limit is generally reduced as low as within the two cities .,"The posted speed limit is generally , reduced as low as within the two cities .",1
4131,"Adam Ludwik Czartoryski was married to Prince Maria , married on August 31 , 1901 in Warsaw .","Adam Adam Ludwik Czartoryski was married to Prince Maria , who married in Warsaw on 31 August 1901 .",1
38621,"In 1955 , Johannes Herman Johannes married Annie Marie Gilbertine Amalo .",Annie Marie Gilbertine Amalo married Herman Johannes in 1955 .,1
4221,"C2c uses Class 357 and Class 387 units on the London , Tilbury and Southend Railway from Shoeburyness and Southend to London Fenchurch Street .","C2c uses Class 357 and Class 387 units on services down the London , Tilbury and Southend Railway line from Shoeburyness and Southend to London Fenchurch Street .",1
45606,"In 1958 he spoke throughout East Asia and in Western Europe , and in 1961 in Northern Ghana .",In 1958 he spoke throughout East Asia and Western Europe and in 1961 in Northern Ghana .,1
36703,"In addition , the song `` Calling All Angels '' is included in the film by Jane Siberry and is played on the audio track .","In addition , the song `` Calling All Angels '' by Jane Siberry is included in the film and is played on the soundtrack .",1
5914,"The area was once served by Edinburgh Waverley Railway Station , which provided direct access to the railway to Corstorphine .",The area was once served by Edinburgh Waverley railway station which provided direct railway access to Corstorphine .,1
18516,Morris Township is located in the 25th Congressional District and is part of the 11th State Legislative District of New Jersey .,Morris Township is located in the 25th Congressional District and is part of New Jersey 's 11th state legislative district .,1
23134,"He died on 24 August 1878 in Wyandotte ( now part of Kansas City ) , Kansas .","He died in Wyandotte ( now a part of Kansas ) , Kansas City , August 24 , 1878 .",1
16734,"In the , Daniel Dewey ( F ) resigned February 24 , 1814 and was replaced in a special election by John W. Hulbert ( F )","In Daniel Dewey ( F ) resigned February 24 , 1814 , and was replaced by a special election of John W. Hulbert ( F ) .",1
5512,ObjecTime Developer ( or ObjecTime or OTD ) is a software automation tool designed to meet the development needs of short-term software development teams .,"ObjecTime Developer ( or ObjecTime or OTD , for real ) is a software automation tool designed to meet the development needs of short-time software development teams .",1
1512,Manipur is also a tourist hotspot in the state of Ukhrul .,Manipur is also a tourist hotspot of Ukhrul state .,1
40859,"Music is in his blood because he inherited this art from his grandfather , Ustad Banne Khan , who is himself a singer .",Music runs in his blood as he has inherited this art from his grandfather Ustad Banne Khan who is a singer himself .,1
17094,"Balıklı is a village in the District of Gümüşhacıköy , Amasya Province , Turkey .","Balıklı is a village in the district Gümüşhacıköy , Turkey , province of Amasya .",1
4885,"He was created a doctor of the Sorbonne , and afterwards elected prior of St. Edmund 's in 1689 .","He was created a doctor of the Sorbonne , and later elected Prior of St. Edmund in 1689 .",1
6317,"The new year , the spring , the wine and the joyful are also loved .","Also , The new year , the spring , the wine and the joyful are beloved .",1
38138,In the 1970s Suzuki was one of the first buyers of Woolrich fashion in Japan . In 2006 he became a designer for Woolrich Woolen Mills in America .,In the 1970s Suzuki was one of the first buyers of Woolrich Mode in Japan and became Designer for Woolrich Woolen Mills in America in 2006 .,1
15523,"An alternative extension to compact groups is the Peter -- Weyl theorem , which proves results about representations of compact groups analogous to those about finite groups .","An alternative extension to compact groups is the Peter -- Weyl -- Theorem , which shows results about representations of compact groups analogous to those about finite groups .",1
48700,"In order to obtain a biomarker for diagnostics , the sample material must be as easy to use as possible .","In order to obtain a biomarker for diagnostics , the sample material must be as simple as possible to use .",1
8725,Protein FAM40A is a protein that is located on chromosome 1 in humans and is encoded by the `` FAM40A '' gene .,FAM40A is a protein that is chromosome 1 in humans and is encoded by the `` FAM40A '' gene .,1
23582,The screenplay by Robert Carrington and Jane-Howard Carrington is based on the 1966 play by Frederick Knott .,The screenplay by Robert Carrington and Jane - Howard Carrington is based on the 1966 play by Frederick Knott .,1
29849,"For scalar spectral fluctuations , formula _ 9 is referred to as the scalar index , with formula _ 10 corresponding to scale invariant fluctuations .","For scalar spectral fluctuations , Formula 9 is referred to as the scalar index , with the formula 10 corresponding to scalar invariant fluctuations .",1
21573,"Kerwin Moore would see action in 24 games for the Athletics that fall , and was traded to the Florida Marlins after the season in exchange for Abbott .","Kerwin Moore saw action in 24 games for the athletics that fall , and was traded to the Florida - Marlins after the season in exchange for Abbott .",1
36465,"Dorchester is sometimes associated with Avenue D , since Ditmas and Ditmas Avenue and Dorchester Road start with the letter `` D '' .","Dorchester are sometimes associated with Avenue D , since Ditmas and Ditmas Avenue and Dorchester Road start with the letter `` D '' .",1
27861,"The Russian villain is , however , an original and sometimes interesting danger .","The Russian villain , however , is an original and sometimes interesting menace. ``",1
19223,It was believed that true philosophy could be separated from popular wisdom by this method .,It was believed by this method true philosophy could be separated from popular wisdom .,1
46127,"He sang with success also at La Fenice in Naples , at the Maggio Musicale Fiorentino in Florence and at the Teatro San Carlo in Venice .","He also sang with success at La Fenice in Naples , the Maggio Musicale Fiorentino in Florence , and the Teatro San Carlo in Venice .",1
3785,He is a professor of adult education at Åbo Akademi University in Finland ( Vaasa ) .,"He is a Professor of Adult Education at Åbo Akademi University in Vaasa , Finland .",1
6714,It was created with the redistribution in 1972 and replaced the abolished Toowoomba East .,"It was created with the 1972 redistribution , and replaced the abolished Toowoomba East .",1
47971,"`` , Williams turned heel and reformed the British Invasion with Magnus by attacking the team of Eric Young and Orlando Jordan .",Williams turned the heel and reformed the British invasion with Magnus by attacking the Eric Young and Orlando Jordan team .,1
3891,"Shaffer Creek is an tributary of Raystown Branch Juniata River ( Brush Creek ) in Bedford County , Pennsylvania in the United States .","Shaffer Creek is a tributary of the Raystown Branch Juniata River ( Brush Creek ) in Bedford County , Pennsylvania , United States .",1
2661,"He was survived by his wife , former Barbara Crutchley , his sons Norman F. Boas and Donald P. Boas and his daughter , Helen Tuthill Sisson .","He was survived by his wife , the former Barbara Crutchley , his sons Norman F. Boas and Donald P. Boas , and his daughter Helen Tuthill Sisson .",1
32792,"In 1992 , he was elected Croydon North West for the first time after having previously denied the seat unsuccessfully in 1987 .",He was first elected in 1992 for Croydon North West after having previously contested the seat unsuccessfully in 1987 .,1
1941,"Farrer was born in London , the younger brother of Thomas Charles Farrer , an artist .","Farrer was born in London , the younger brother of artist Thomas Charles Farrer .",1
323,He also wrote a large number of vocal arrangements and orchestral accompaniments to varieties .,He also wrote a large number of vocal arrangements and orchestral accompaniments for varieties .,1
42408,"Eileen Chong was born in Singapore in 1980 , moved to Sydney in 2007 .","Eileen Chong was born in 1980 in Singapore . She moved to Sydney , Australia in 2007 .",1
39,"He was born in New York City in East Broadway on October 23 , 1806 .","He was born on 23 October 1806 in New York , East Broadway .",1
45491,"A market was perceived for future tours and destinations , Scandinavia followed in April 1975 and in September followed another tour to Switzerland .",A market was perceived for future tours and destinations . Scandinavia followed in April 1975 and there was another tour to Switzerland in September .,1
17394,Homer Township was established by a division of Albion Township in 1837 .,Homer Township was founded in 1837 by a division of Albion Township .,1
39888,"Inception is a science fiction film from 2010 , co-produced by Emma Thomas and written , co-produced and staged by Christopher Nolan .","Inception is a science fiction film from 2010 , written , co-produced and staged by Christopher Nolan and co-produced by Emma Thomas .",1
39077,"He was likely the son of the painter Girolamo Danti , also from Pesaro , who had married the sister of the painter Giovanni Antonio Pandolfi .","He was probably the son of painter Girolamo Danti , also from Pesaro who married the sister of the painter Giovanni Antonio Pandolfi .",1
34073,"Portsmouth won 4 -- 1 , with goals of Bert Barlow , John Anderson and two from Cliff Parker .","Portsmouth won 4 -- 1 , with goals from Bert Barlow , John Anderson and two by Cliff Parker .",1
31963,"The 8 talukas of this district are Devgad , Kankavli , Malvan , Kudal , Sawantwadi , Vengurla and Dodamarg and Vaibhavwadi .","The 8 Talukas of this area are Devgad , Kankavli , Malvan , Kudal , Sawantwadi , Vengurla and Dodamarg and Vaibhavwadi .",1
9931,Dowa s a district in the Central Region of Malawi . The capital is Dowa .,Dowa is a district in the central region of Malawi with the capital Dowa .,1
6905,The NFL Europe League season 1999 was the fifth season for the franchise in the Rhine Fire ( NFLEL ) .,The 1999 NFL Europe League season was the fifth season for the franchise in the Rhein Fire ( NFLEL ) .,1
42181,Dunne played in Dublin with Stella Maris before playing in England for Everton .,She played with Stella Maris in Dublin before playing for Everton in England .,1
2457,"The 1962 U.S. United States Senate election was held on November 6 , 1962 to select the South Carolina .","The U.S. Senate election of 1962 was held on November 6 , 1962 to select the South Carolina .",1
27816,"In February 2016 , it was announced that Steve Poizner has joined Governor John Kasich of Ohio as National Co Chairman and California State Chairman for Kasich as President .",In February 2016 it was announced that Steve Poizner has joined Governor John Kasich of Ohio as National Co Chairman and California State Chairman for Kasich for President .,1
5136,Mark Williams is played in the TV series by Olaf Petersen .,Mark Williams is played by Olaf Petersen in the television series .,1
17535,"Later in life , Toth became one of Procopio 's close friends .",Later in life Toth became one of close friends of Procopio .,1
33988,"However , Grossman was later injured in the season , and temporarily relieved by Griese .","Grossman was injured later in the season , however , and temporarily relieved of Griese .",1
353,No long or necessary apprenticeship is necessary to learn the demanding techniques .,No long or necessary training is necessary to learn the demanding techniques .,1
26267,"His nephews include actors Nikhil Nanda and Armaan Jain , and businessman Ranbir Kapoor .",His nephews include the actors Nikhil Nanda and Armaan Jain and businessman Ranbir Kapoor .,1
1548,The film was photographed by Rajiv Menon and edited by A. Sreekar Prasad .,The film was photographed by Rajiv Menon and processed by A. Sreekar Prasad .,1
43149,The 2015 -- 16 Rain or Shine Elasto Painters season is the tenth season of the franchise in the Philippine Basketball Association ( PBA ) .,The season 2015 -- 16 rain or gloss Elasto painter is the tenth season of the franchise in the Philippine Basketball Association ( PBA ) .,1
23757,"The Taverniers are visited by Gidea Thompson ( Sian Martin ) , a friend of Jules ' family in Trinidad .","The Taverniers are visited by Sian Martin ( Gidea Thompson ) , a friend of Jules ' and the family in Trinidad .",1
481,"The completed fence is located mainly in Texas , with the construction in New Mexico , Arizona and California .","The completed fence is mainly in Texas , with construction underway in New Mexico , Arizona , and California .",1
39525,"The zone serves eastern and central Madhya Pradesh , the southern Uttar Pradesh and northeastern Rajasthan State .","The zone serves eastern & central Madhya Pradesh , southern Uttar Pradesh , and northeastern Rajasthan state .",1
17760,This is the Zomi traditional dresses . The male dress are `` Puan Laisan '' and the female dress are `` Puandum '',"This is the traditional dress of Zomi , the male dresses are `` Puan Laisan '' and the female clothes are `` Puandum '' .",1
2005,His some Marathi songs from other Films are :,His marathi songs are from other films :,1
23666,"With the weakening of the Canadian dollar , manufacturing sales and exports rose in November and December 2015 , and employment increased .","In November and December 2015 , with the weakening in the Canadian dollar , manufacturing sales and exports increased and employment rose .",1
37857,"Burki started his career in Switzerland for a year , until he returned to Paris to work in rotogravure from 1971 to 1979 .",He started his career in Switzerland for a year until he returned to Paris from 1971 to 1979 to work in gravure .,1
2031,Since 1984 Patricia Dale is married to Patricia Meyer and together they have two sons : Ryan ( born 1988 ) and Blake ( born 1992 ) .,Dale has been married to Patricia Meyer since 1984 and together they have two sons : Ryan ( born 1988 ) and Blake ( born 1992 ) .,1
24552,CTVglobemedia acquired the CFXJ-FM station in Toronto in 2010 from Milestone Radio .,CTVglobemedia acquired Toronto station CFXJ-FM from Milestone Radio in 2010 .,1
42574,"It can be found throughout the central palaearctic region , from Turkey , Cyprus and Lebanon , through Pakistan , Iran , Afghanistan and northern Iraq to Kashmir .","It is found throughout the central Palaearctic Region , from Turkey , Cyprus and Lebanon , east through Pakistan , Iran , Afghanistan and northern Iraq to Kashmir .",1
31097,"She took refuge in London with her family in 1938 , and the family settled in East Finchley in the north of England , where she attended the Tollington Hill School .","With her family she took refuge in London in 1938 , and the family settled in East Finchley , in northern England where she attended Tollington Hill School .",1
29598,"Kirk Deighton is served over the Route 780 , Harrogate to Wetherby , and Route X70 , Kirk Deighton to Knaresborough via Wetherby and Spofforth .","Kirk Deighton is served by route 780 , Harrogate to Wetherby , and route X70 , Kirk Deighton to Knaresborough via Wetherby and Spofforth .",1
27829,Somaiya Vidyavihar is an educational campus in the suburb of Vidyavihar in Mumbai .,Somaiya Vidyavihar is an educational campus located in the Mumbai suburb of Vidyavihar .,1
36848,"Two new , large sports venues opened in 2001 : the Ralph Engelstad Arena and the Alerus Center .","In 2001 , two new large sports facilities were opened : the Ralph Engelstad Arena and the Alerus Center .",1
32824,It was written by Jeff Melman and was directed by Tom Spezialy and Marc Cherry .,It was written by Jeff Melman and was run by Tom Spezialy and Marc Cherry .,1
37801,"An additional study found that the direct promoter is one of many thousand proximal targets of transcription factor , Myc , in vivo .",An additional study found that the direct promoter is one of many thousands of proximal targets of the transcription factor Myc in vivo .,1
4003,"There are numerous student organizations on the campus , including religious groups , academic groups , and student activity groups .","There are numerous student organizations available on campus , including religious groups , academic groups , and student activity groups .",1
31299,"Six hours later , Corey returns but Pierson does not , and Corey claims not to know where Pierson is .","Six hours later , Corey returns , but Pierson does not , and Corey claims not to know where is Pierson .",1
22046,The Late neolithic cultures have affinities with the spread of the Mon Khmer speaking people from Malaysia and the Ayeyarwady valley and late neolithic developments in South China .,Late Neolithic cultures have a relationship with the spread of the Mon Khmer speaking people from Malaysia and the Ayeyarwady Valley and the late Neolithic developments in southern China .,1
25750,"Bonchurch is situated on the southern coast of the Isle of Wight , England just to the east of the village of Monks Bay .","is located on the southern coast of the Isle of Wight , England , to the east of the village of Monks Bay .",1
5124,It stars James Craig and was written by Devon and Richard Devon .,It is playing James Craig stars and was written by Devon and Richard Devon .,1
6883,"Starring Holly Hunter and Tim Robbins , the series focuses on a contemporary multi-racial family in the Portland area .","The series , occupied with Holly Hunter and Tim Robbins , focuses on a contemporary multi-racial family in the Portland area .",1
9122,The teams had to use from a distance a traditional tribal club to beat the pots .,Teams had to use a traditional tribal club from a distance to hit the pots .,1
4313,"Buses run from the bus stop to Baildon , Bradford , Cleckheaton , Dewsbury , Elland , Halifax , Huddersfield , Leeds , Shipley and Wakefield .","Buses run from the bus station to Baildon , Bradford , Cleckheaton , Dewsbury , Leeds , Huddersfield , Elland , Halifax , Shipley and Wakefield .",1
6517,"Soto was born in Fort Worth , but at the age of one year moved to Monterrey in Mexico .","Soto was born in Fort Worth , but moved to Monterrey , Mexico , at the age of one .",1
24694,The River Frasin is a tributary of the River Straja in Romania .,The Frasin River is a tributary of the Straja River in Romania .,1
23126,In Portage township there are two villages : part of Jerry City to the south and part of Portage in the northwest .,"Two villages are located in Portage Township : part of Jerry City in the south , and part of Portage in the northwest .",1
35463,"Another kuji formula is found in the writings of Jodo Shinshu , founded by Shinran , and is yet another mantra to Amida Nyorai which reads","Another Kuji formula can be found in the writings of Jodo Shinshu , founded by Shinran , and is another mantra to Amida Nyorai , which is :",1
43744,"Trained by César Cielo , coach of the American swimmer Bob Bowman , at the University of Michigan , he is a childhood friend of Michael Phelps .","Trained with César Cielo , coach of American swimmer Bob Bowman , at the University of Michigan . He is a childhood friend of Michael Phelps .",1
39326,It was accepted that the aborigine - name of the zone simply `` Güímar '' as was the whole Menceyato .,It was accepted that the aboriginal name of the zone was simply `` Güímar '' as the whole menceyato .,1
47626,"The others were Donald Carr from Repton School and the Etonian , Luke White .",The others were Donald Carr of the Repton School and Etonian Luke White .,1
33732,"Red Sulphur Sky is a solo album by American jazz trumpeter Wadada Leo Smith , which was released in 2001 and recorded at Tzadik Records .",Red Sulphur Sky is a solo album by American jazz trumpeter Wadada Leo Smith which was released in 2001 and recorded on Tzadik Records .,1
15198,"Vaman Malhar Joshi was not to be confused with the writer Waman Gopal Joshi , they were contemporaries .",Vaman Malhar Joshi should not be confused with the writer Waman Gopal Joshi . They were contemporaries .,1
24124,"Olivella kifos is a species of dwarf - sea snail , small gastropod mollusk in the Olivellidae family , the navy olives .","Olivella kifos is a species of dwarf sea snail , small gastropod mollusk in the family Olivellidae , the marine olives .",1
3684,The second fortress was built in stone by Alexander 's son Dmitry Alexandrovich in 1280 .,The second fortification was built in stone in 1280 by Alexander 's son Dmitry Alexandrovich .,1
20254,"After four years it moved to Jacopo Sandri 's house , which had more space , and in 1705 moved again to the palazzo of Conte Luigi Ferdinando Marsigli .","After four years , it moved to Jacopo Sandris House , which had more space , and moved back to the Palazzo of Conte Luigi Ferdinando Marsigli in 1705 .",1
6307,"Of these 18 states , four of them have listed IN , PA , OH and MD `` G. villosa '' as endangered species .","Of these 18 states , four of them have listed IN , MD , OH and PA `` G. villosa '' as endangered species .",1
17259,"Pohl-Stroher was born on 18 January 1919 in Wurzen in Saxony , Vogtland and grew up in Rothenkirchen in East Germany .","Pohl-Stroher was born on 18 January 1919 in Wurzen in Saxony , Vogtland and grew up in Rothenkirchen , East Germany .",1
9906,Clara Louise Bell ( 1886 -- 1978 ) ( known as Clara Louise Janowsky ) was an American miniature painter .,Clara Louise Bell ( 1886 -- 1978 ) ( also known as Clara Louise Janowsky ) was an American miniature painter .,1
4789,It is located in Guntur Mandal of the Mangalagiri Revenue Division .,It is located in Guntur mandal of Mangalagiri revenue division .,1
4501,Navarro is a partido in the northeast of the province of Buenos Aires in Argentina .,Navarro is a partido in the northeast of Buenos Aires Province in Argentina .,1
39805,Shivachevo is a small town in the Sliven Province located on the southern slopes of the Balkan Mountains in central eastern Bulgaria .,"Shivachevo is a small town in the province of Sliven , on the southern slopes of the Balkan Mountains in Central Eastern Bulgaria .",1
25575,"Skapetis had trials at several clubs including Derby County , Cardiff City and Sheffield United late in 2016 .","Late in 2016 , Skapetis had attempts at several clubs , including Derby County , Cardiff City , and Sheffield United .",1
10867,"On May 6 , 2016 it was announced that Palafox signed to New York Cosmos B of the National Premier Soccer League .","On 6 May 2016 , it was announced that Palafox had signed the National Premier Soccer League after New York Cosmos B .",1
32453,This introduction to travel began a lifelong passion that led her to study in the remote areas of Alaska and British Columbia .,This introduction to the journey began with a lifelong passion that led her to study in the remote areas of Alaska and British Columbia .,1
33849,"Under his direction , the choir also gave concert tours in Australia ( 1987 ) , Israel ( 1988 ) and Estonia ( 1989 , 1990 ) .","The choir also gave concert tours in Australia ( 1987 ) , Israel ( 1988 ) , and Estonia ( 1989 , 1990 ) under his leadership .",1
3729,"This book was written by Arthur Laurents , with music by Leonard Bernstein , text by Stephen Sondheim and choreography by Jerome Robbins .","The book was written by Arthur Laurents , with music by Leonard Bernstein , lyrics by Stephen Sondheim , and choreography by Jerome Robbins .",1
27826,"In March 2008 , Sophina participated in the Heart of a Champion Invitational as a Level 10 where she won the all-around title .","In March 2008 , Sophina participated in the heart of a Champion Invitational as Level 10 , where she won the total title .",1
23471,"Eurosta is a species of the Tephritidae family , known in Europe as fruit flies and in North America as wing flies .","Eurosta is a genus of the family Tephritidae , known as fruit flies in Europe and Picture wing flies in North America .",1
9789,"Twin Falls High School is a public secondary school in Twin Falls , Idaho , one of the two traditional high schools operated by the Twin Falls School District .","Twin Falls High School is a public secondary school in Twin Falls , Idaho , one of two traditional high schools operated by the Twin Falls School District .",1
3366,"The crash of Aerosucre Flight 4544 was the second aviation incident involving Aerosucre , the first being the crash of another Boeing 727 on November 18 , 2006 .","The crash of Aerosucre Flight 4544 was the second flight incident involving Aerosucre , the first being the crash of another Boeing 727 on November 18 , 2006 .",1
16531,"This scene was rewritten , although its opening recitative in cut form was present in the first production .","This scene has been rewritten , although its opening recitative was present in cut form in the first production .",1
24249,"The first settlers were Dr. Henry Clay Fish , Richard Dobbs and James G. Christian , all coming from Missouri to Illinois .","The first settlers were Dr. Henry Clay Fish , Richard P. Dobbs and James G. Christian , who all came to Illinois from Missouri .",1
36471,"Following the death of his father , King George , he was elected King on 4th March 1827 in the presence of James Holman .","After the death of his father , King George , he was elected king in the presence of James Holman on 4 March 1827 .",1
18236,"The bay is centred ( British mapping 1968 , Bulgarian mapping in 1993 and detailed Spanish mapping in 2005 and 2009 ) .","The bay is centred at ( British mapping in 1968 , Bulgarian mapping in 1993 , and detailed Spanish mapping in 2005 and 2009 ) .",1
213,"Alycia Moulton defeated Billie Jean King at 6 -- 0 , 7 -- 5 .","Alycia Moulton defeated Billie Jean King 6 -- 0 , 7 -- 5 .",1
47702,This was a limited release -- only 300 red vinyl and 200 black vinyl copies were put out .,This was a limited release -- only 300 red vinyl and 200 black vinyl copies were issued .,1
4760,John Ikin ( born 1957 in Lower Hutt ) is a furniture designer from New Zealand .,Humphrey John Ikin ( born 1957 in Lower Hutt ) is a New Zealand furniture designer .,1
4778,"In addition to artificial insemination by rams , natural insemination and embryo transfers have been used in sheep breeding programs for many years in Australia and New Zealand .","In addition to artificial insemination by rams , natural insemination and embryo transfers in sheep farming programmes have been used for many years in Australia and New Zealand .",1
42437,"The song was originally produced by Johnny J and features Hurt-M-Badd , Big Syke , Mopreme Shakur , Yaki Kadafi & E.D.I..","The song was originally produced by Johnny J and features Hurt-M-Badd , Big Syke , Mopreme Shakur , Yaki Kadafi 's E.D.I .",1
43324,The vesicular monoamine transporter ( VMAT ) is a transport protein integrated into the membrane of synaptic vesicles of presynaptic neurons .,The Vesicular Monoamine Transporter ( VMAT ) is a transport protein that is integrated into the membrane of synaptic vesicles of presynaptic neurons .,1
25628,"In many problems , it is more convenient to work with D and the total charges than with E and the free charge .","In the case of many problems , it is more convenient to work with D and total fees than with E and the free charge .",1
49182,"Of Scotland , His father had been a blacksmith and an inventor , and had worked with iron rope in California .",His father had been a blacksmith and inventor and had worked with an iron rope in California .,1
9433,"The team 's statistical leaders included Kyle Boller , with 1,741 passing yards , Charon Arnold with 688 Rushing Yards , and Terrell Williams with 606 reception - Yards .","The team 's statistical leaders included Kyle Boller with 1,741 passing yards , Charon Arnold with 688 rushing yards and Terrell Williams with 606 receiving yards .",1
10555,"However , Szabo 's method of double-spending protection was vulnerable to Sybil attacks .","Szabo 's method of double protection , however , was vulnerable to Sybil attacks .",1
6719,"Vidyanandana , Shri Suryavarmadeva , or Cham , was a Suryavarman prince in Cambodia , who in 1182 put down a revolt that broke out at Malyang against Jayavarman VII .","Vidyanandana , Shri Suryavarmadeva , or Cham , was a Suryavarman prince in Cambodia , who broke down a revolt in 1182 that erupted in Malyang against Jayavarman VII .",1
34689,"On June 30 , 2016 , Infante agreed to a minor league deal with the Braves . He was released by the Atlanta Braves on August 16 , 2016 .","On 30 June 2016 , Infante agreed to a Minor League Deal with the Braves and was released by the Atlanta Braves on August 16 , 2016 .",1
5644,"Neighboring communities include Libertyville , Mundelein , Round Lake Park , Hainesville , Round Lake Beach , Lindenhurst , Third Lake , Gages Lake and Wildwood .","Neighbouring communities include Libertyville , Mundelein , Round Lake Park , Hainesville , Round Lake Beach , Lindenhurst , Third Lake , Gages Lake and Wildwood .",1
47225,"In 2015 , municipal elections for Serampore Municipality Congress won 22 seats , CPI ( M ) 4 seats , Trinamool - Congress 1 seat and Independent 2 seats .","In the 2015 , municipal elections for Serampore Municipality Congress won 22 seats , CPI ( M ) 4 seats , Trinamool Congress 1 seat and Independents 2 seats .",1
33813,"Unterberger comments on the recording : `` The delicacy of the execution is exquisite , the sensual images are more tangible , the sense of desire and fulfillment explicit .","Unterberger comments on the recording : `` The delicacy of the execution is exquisite , the sensual imagery more tangible , the sense of desire and fulfillment explicit . ''",1
47662,"It was her tenth studio recording since `` I Wan na Love Somebody '' and the first released studio album before stroke on January 10 , 2006 .","It was her tenth studio recording since `` I Wan na Love Somebody '' and the first released studio album before her stroke on January 10 , 2006 .",1
3518,"Imagica and Robot Communications established Imagica Robot Holdings Inc. , on April 1 , 2004 , and Imagica became a part of this company .","On 1 April 2004 , Imagica and Robot Communications co-established Imagica Robot Holdings Inc. , and Imagica became a part of this company .",1
32534,Faiyaz Ali Khan was at Sir Muhammad Faiz Ali Khan in 1851 .,Faiyaz Ali Khan was to Sir Muhammad Faiz Ali Khan in 1851 .,1
3457,"Caroline Smith married John Peter DeWint , granddaughter of John Adams in September 1814 .","In September 11 , 1814 Caroline Smith married John Peter DeWint , granddaughter of John Adams .",1
26053,Alivardi 's commander Syed Ahmed freed Mir Jafar and his family .,"Syed Ahmed , commander of Alivardi , freed Mir Jafar and his family .",1
1699,"The loyalists had camped on the west side of the Catawba River , while the army of General Charles Cornwalli camped on the east side .",The Loyalists had camped on the west side of the Catawba River while General Charles Cornwalli 's army were camped on the east side .,1
5736,This ignited the first of four wars he was supposed to lead against Carthage .,This ignited the first of four wars he was to lead against Carthage .,1
25213,The 2015 season -- 16 rain or gloss Elasto painter is the tenth season of the franchise in the PBA ( Philippine Basketball Association ) .,The 2015 -- 16 Rain or Shine Elasto Painters season is the tenth season of the franchise in the PBA ( Philippine Basketball Association ) .,1
33707,Kuala Lumpur was chosen as the Singapore terminus of the Jurong East -- Singapore High Speed Rail on 5 May 2015 .,"On May 5 , 2015 , Kuala Lumpur was elected as the terminus of the Jurong East -- Singapore High Speed Rail track in Singapore .",1
46822,"Giuseppe Avati , better known as Pupi Avati ( born 3 November 1938 ) , is an Italian film director , producer , and screenwriter .","Giuseppe Avati , better known as Pupi Avati ( * November 3 , 1938 ) , is an Italian film director , producer and screenwriter .",1
5364,The manuscript was added to the list of New Testament manuscripts by Scrivener ( 616 ) and Gregory ( 902 ) .,The manuscript was added to the list of manuscripts of the New Testament by Scrivener ( 616 ) and Gregory ( 902 ) .,1
38539,The series was written by Ed Brubaker by Butch Guice and illustrated by Bryan Hitch .,"The series was inked by Ed Brubaker , written by Butch Guice , and illustrated by Bryan Hitch .",1
18275,"The Bill & Cathy Stoller Center is home to all of the university 's athletic teams , intercollegiate athletic offices and the Department of Exercise Science .","The Bill 's Cathy Stoller Center is home to all the athletics teams of the University , the Intercollegiate Athletic Offices and the Department of Exercise Science .",1
23628,The Cornish poet was a schoolfellow of Robert Stephen Hawker ; later literary friends included Tennyson and Charles Dickens .,"The Cornish poet was a schoolmate of Robert Stephen Hawker , later literary friends included Tennyson and Charles Dickens .",1
4405,"Charles William Dickey , 1940 , and Charles Henry Dickey , were parents of Anne Alexander , architect in 1902 .","Charles William Dickey , 1940 , and Charles Henry Dickey , 1902 were parents of architect Anne Alexander .",1
24844,"However , as soon as he escapes , the Native Americans attack Silent Creek and Jamie arrives .","However , as soon as he escapes , the native Americans attack Silent Creek and Jamie .",1
46360,"Its Abel - Sum is the limit , as '' x `` 1 approaches the function .",Its Abel sum is the limit as `` x '' approaches 1 of the function,1
5183,"The tournament was hosted again in 2006 in San Francisco , where it was resumed for two years .","The tournament was hosted again in San Francisco in 2006 , where it was continued for two years .",1
49327,He later served as director of the Illinois Department of Revenue and as General Manager of the WGRT ( also WJPC ) radio station in Chicago .,Jones later served as director of the Illinois Department of Revenue and as general manager of radio station WGRT ( also WJPC ) in Chicago .,1
1033,Both sailed from Quebec to London .,"From Quebec , both sailed on to London .",1
17029,"He has also recorded duets with Daniel Santos , Olimpo Cárdenas and Alci Acosta .","He also recorded duets with Daniel Santos , Olimpo Cárdenas , and Alci Acosta .",1
24380,"In Laurens , New York , the Otego Creek flows to the Wharton Creek .","The Otego Creek flows into the Wharton Creek in Laurens , New York .",1
5366,"In April 1916 , a large number of Serbian troops were transported in British and French naval vessels from Greece to mainland Corfu .","In April 1916 , a large number of Serbian troops were transported from Greece to mainland Corfu in British and French sea-going vessels .",1
40471,"The south coast of the island is also located on the northern side of the large gulf , the bay of Mecklenburg , into which the Wismar bay enters .","The south coast of the island is also on the northern side of the large gulf known as the Bay of Mecklenburg , which Wismar Bay enters into .",1
20830,"The incumbent democrat , David Walters , won re-election to Republican Jim Inhofe , the former governor , for a second term .","Incumbent Democrat David Walters won re-election to a second term over Republican Jim Inhofe , the former Governor .",1
2546,"In 1966 , he started his own gallery at Cork Street in London , Leslie Waddington had the support of Alex Bernstein , a member of the media dynasty Granada .","In 1966 , started his own gallery in London 's Cork Street , Leslie Waddington had the backing of Alex Bernstein , a member of the Granada media dynasty .",1
29386,"Alla Petrovna Tsuper ( born April 16 , 1979 ) is a Ukrainian cross-country skier ( until 2000 ) and a Belarusian ( since 2000 ) .",Alla Petrovna Tsuper ( ; ; ; born 16 April 1979 ) is a Ukrainian ( until 2000 ) and Belarusian ( since 2000 ) aerial skier .,1
1662,"There are about 2,000 islands along the coastline , almost three quarters of which are uninhabited .","Along the coast there are almost 2,000 islands , about three quarters of which are uninhabited .",1
34718,The 187 km long segment from Kaduna to Abuja was the first one to be built .,The 187 km segment from Kaduna to Abuja was the first to be built .,1
45278,The Italian church St. Giovanni Bosco is named after St. John Bosco .,The Italian church of St. Giovanni Bosco is named after St. John Bosco .,1
27584,The campus - newspaper `` The Oklahoma Daily '' is produced daily during the autumn and spring semesters and weekly during the summer semester .,"The campus newspaper , `` The Oklahoma Daily '' , is produced daily during the fall and spring semesters and weekly during the summer semester .",1
254,"For example , the following two definitions are safe for an equivalent division for values in maybe - monad .","For example , both following definitions for equivalent division for values in the Maybe monad are safe .",1
23366,The song was written by George Harrison and inspired by his friend Eric Clapton 's preference for chocolate .,The song was written by George Harrison and inspired by his friend Eric Clapton 's fondness for chocolate .,1
16298,A lot of trouble later caused Marwan and some of Ali 's supporters who later became Khawarij .,Marwan and some of Ali 's supporters who later became the Khawarij caused a lot of trouble .,1
45620,"She called this `` an honor '' and `` flattering , '' and added , `` It 's new for our society , as well .","She called `` an honor '' and `` flattering '' , and added : `` It is new for our society as well .",1
13130,"James the Fat would never return to his native Scotland , he remained in exile until his death in Ireland , his widowed mother and sister remained in Scotland .",James the Fat would never return to his native Scotland . He remained an exile in Ireland until his death . His widowed mother and sister remained in Scotland .,1
2617,"The spectral light levels that can be used by plants for photosynthesis are similar , but not the same as what is measured by lumens .","The spectral levels of light that can be used by plants for photosynthesis is similar to , but not the same as what 's measured by lumens .",1
9216,He combines his commitments as a professional rugby player with a full-time studies at the University of Birmingham .,He combines his commitments as a professional rugby player with a full-time degree at University of Birmingham,1
109,It was released on 22 December 2011 and was announced in February 2012 .,It was published on 22 December 2011 and was announced in February 2012 .,1
4749,"The smallest number , which can be represented as a sum of four different potences in two positive and seventh ways , is 2056364173794800 .",The smallest number that can be represented in two positive and seventh ways as a sum of four different powers is 2056364173794800 .,1
5643,"Kuroń , Modzelewski and Michnik were arrested again , and the majority of `` Komandosi '' members were imprisoned .","Kuroń , Modzelewski and Michnik were detained again and a majority of the `` Komandosi '' members were imprisoned .",1
34673,Kristoffer had eight known children together with Karen :,"Together with Karen , Kristoffer had eight children .",1
11823,"Roy Roy Bargy was at the piano `` One '' , and Green and Ramona played the other two pianos .","Roy Bargy was at piano `` one , '' and Green and Ramona played the other two pianos .",1
34884,"One week after Alex 's birth , Benjamin Linus ( Michael Emerson ) came and took Alex from Rousseau .",One week after Alex 'apos ; birth came Benjamin Linus ( Michael Emerson ) and took Alex from Rousseau .,1
23172,His eyewitness account reports that the Afghans simply occupied the site and fled Hari Singh Nalwa without a battle from Peshawar .,His eyewitness account reports that the Afghans simply occupied the place and Hari Singh Nalwa fled Peshawar without a battle .,1
10340,It is a Zapotec and historically traditional village .,It is a Zapotec and an historically traditional village .,1
26207,"The US 9 leads to Cape May -- Lewes Ferry , which crosses the Delaware Bay to Lewes , Delaware .","US 9 leads to the Cape May -- Lewes Ferry , which heads across the Delaware Bay to Lewes , Delaware .",1
17768,It is found by Alpheus Spring Packard in 1874 and is described in North America .,It was found by Alpheus Spring Packard in 1874 and is described in North America .,1
6321,"If there are several grammatical categories in a sentence , only the first wears the plural marker .","If in a sentence there are several grammatical categories , only the first bears the plural marker . Ex . :",1
3685,"In addition , there are indigenous dialects spoken by many other Malay communities , such as Dayak and Iban .","Moreover , there are indigenous dialects spoken by many other Malay communities , such as Dayak and Iban .",1
13362,"Of these , 2,088 ( 18.6 % ) lived in rural areas , and 9,112 ( 81.4 % ) were living in urban areas .","Of these , 2,088 ( 18.6 % ) lived in rural areas and 9,112 ( 81.4 % ) in urban areas .",1
25831,The Allied hardies saw service on the Rhodesian side during the opening trains of the East African Theatre of World War II .,The Allied Hardys saw service on the Rhodesian side during the opening moves of the East African theatre of World War II .,1
28841,"Formerly licensed to North Myrtle Beach , South Carolina , USA , the station was owned by City of North Myrtle Beach .","The station , previously licensed to North Myrtle Beach , South Carolina , USA , was owned by the City of North Myrtle Beach .",1
2941,Girl Scouting in the USA is administered by the United States Virgin Islands Girl Scouts Overseas -- U.S .,Girl Girl Scouting in the United States Virgin Islands is conducted by the U.S . Girl Scouts Overseas -- USA .,0
37364,Separate lists are provided for the 61 listed properties and historic districts of Evanston and the more than 350 listed properties and districts in Chicago .,Separate lists are provided for the 61 listed properties and historic districts in Chicago and more than 350 listed properties and districts in Evanston .,0
22510,The Irfon defines the northern limit of the Mynydd Epynt area between Llanwrtyd Wells and Builth Wells .,Irfon defines the northern border of the Builth Wells area between Llanwrtyd Wells and Mynydd Epynt .,0
20353,"In Kyle 'apos ; s body , Parallax Hal Jordan , Guy Gardner , and John Stewart captured and brought them to Qward .","Parallax captured John Stewart , Guy Gardner , and Hal Jordan in Kyle 's body , bringing them to Qward .",0
4740,She was written by Static Major and Timothy Mosley and produced by Timbaland .,"It was written by Timbaland , and produced by Static Major and Timothy Mosley .",0
4774,"The Lord Chancellor , a post in the UK Government , is responsible for relations between the government and the Channel Islands .","Lord Chancellor , a post in the Channel Islands - Government , is responsible for the relations between the government and the United Kingdom .",0
27329,London joined the Peace Corps in Malawi in 1989 and led a regional business development program in Africa .,"In 1989 , London joined the Peace Corps in Africa and organized a regional business development program in Malawi .",0
267,He began his career in the Football League with Scunthorpe United before joining Sheffield United in the fourth division in June 1961 .,"He began his career in the Football League with Sheffield United , joining Scunthorpe United of the Fourth Division in June 1961 .",0
172,"A UK tour started in May 1983 , featuring additional guitarist Robin George for live performances .","In May 1983 , a UK tour with the live guitarist Robin George started for additional performances .",0
5291,"In the south end , Cook Pond , also formerly known as South Watuppa Pond , is located east of the Laurel Lake and west of the Taunton River .","Cook Pond , also formerly known as Laurel Lake , is located south east of the Taunton River and west of the South Watuppa Pond .",0
2677,"The town is situated at the western end of the `` Horta de València '' , on the right bank of the river Turia .","The town is located at the right bank of the `` Horta de València '' , on the western shore of the River Turia .",0
43531,"Salmons Brook is mentioned thus on Rocque 's map of 1754 , probably named from the family of `` John Salemon '' of Edmonton marked in 1274 .","Thus is mentioned on the map of Rocque of 1754 , probably from the family of John `` Salemon '' of Edmonton in 1274 , marked Salmons Brook .",0
33227,His father returned as a finished violinist of the Russian School to Bombay .,His father returned to Bombay as a Russian violinist of the finished school .,0
42929,"He was promoted to New Mexico Territory in 1860 , and was ordered to the rank of captain in the 4th Infantry on December 20 .",He was ordered to New Mexico Territory in 1860 and transported to the rank of captain on December 20 in the 4th Infantry .,0
32980,"For example , the National Municipal League ( originally the National Civic League ) encourages effective management of local government .","For example , the National Civic League ( originally the National Municipal League ) promotes an effective management of the local government .",0
46978,The response of the dependent formula 5 to a time-observable field formula 10 is,The observable Formula 5 response to a time-dependent field formula 10 is :,0
5269,"It is centered on a stretch of the main road , roughly between Depot Street and Brook Road .","It is centered on a route of Brook Road , roughly between Depot Street and Main Street .",0
6217,"The Expected Exposure ( EE ) is used similarly to the PFE , except that the average is defined instead of a specific quantile .","The anticipated exposure ( Expected Exposure , EE ) is defined similarly to the PFE , except that the average is used instead of a certain quantile .",0
23110,"In `` The Guardian '' in 2006 , Stanage argued in contrast to George Monbiot , who had written that the Iraqi insurgency was comparable to the IRA :","In `` The Guardian '' in 2006 , George Monbiot argued in contrast to Stanage , who had written that the Iraqi insurgency is comparable to the IRA .",0
38961,"Born in 1783 in Sheffield , the second son of Isabella and Thomas Beilby , the family went to Birmingham in 1783 .","Born in 1783 in Birmingham , the second son of Isabella and Thomas Beilby . In 1783 the family moved to Sheffield .",0
35892,Eckhoff represented Britain against New Zealand in 1928 and Australia in 1930 .,"Eckhoff represented New Zealand against Great Britain in 1928 , against Australia in 1930 .",0
49029,Vreeland interpreted this phenomenon to Rowlands in an interview for the book : `` It 's because Avedon lasted '' .,"In an interview for the book , Avedon interpreted this phenomenon for Rowlands : `` It 's because Vreeland lasted .",0
47969,said Reid : `` Warren Buffett said all .,"Warren Buffett said , `` Reid said it all '' .",0
8407,"Posen is a composer , born in Poland ( Zdzisław Wysocki ) in 1944 .","Zdzisław Wysocki is a composer , born in 1944 in Poznań ( Posen ) Poland .",0
1483,"Finale is a city in South Africa in the province of Mopani District Municipality , Limpopo .",Finale is a town in Mopani District Municipality in the Limpopo province of South Africa .,0
420,Kakuda is in southeastern Japan in the Tōhoku region of northern Miyagi Prefecture .,Kakuda is located in the southeastern prefecture of Miyagi in the Tōhoku region of northern Japan .,0
2709,"Meanwhile , the Vichy regime has promoted a highly traditional model of female roles .","Meanwhile , the Vichy regime promoted a highly female model of traditional roles .",0
2693,The area was once served by Edinburgh Waverley railway station which provided direct railway access to Corstorphine .,"The area was once served by Corstorphine railway station , which provided direct access to the railway to Edinburgh Waverley .",0
10297,"It was obtained from parts of Assiniboia , Humboldt - Lake Centre and Moose Jaw Ridings in 1987 .","It was re-created in 1987 from parts of Lake Centre , Humboldt -- Assiniboia and Moose Jaw ridings .",0
25391,In September 2014 Peter Sculthorpe published the album `` Tamara Anna Cislowska -- Complete works for solo - piano '' .,In September 2014 Tamara Anna Cislowska published the album `` Peter Sculthorpe -- Complete works for solo - piano '' .,0
7514,"The chief editor is Herbert Wessels ( since 2009 ) , second editor is Markus Ermert ( since 2002 ) .","The second editor is Herbert Wessels ( since 2009 ) , editor in chief is Markus Ermert ( since 2002 ) .",0
40349,"After the War the College returned to Hellenikon , where it remained until it moved to its new campus in Athens , a suburb of Aghia Paraskevi .","After the war , the college returned to Hellenikon , where it remained until it moved to the new campus in Aghia Paraskevi , a suburb of Athens .",0
39051,"The Hunters film is a French crime - horror - thriller - film from 2011 by Chris Briant , produced by Antoine Huet ,","The film The Hunters is a French crime - horror - thriller - film from 2011 by Antoine Huet , produced by Chris Briant .",0
29586,Year 6 inferior Venus - Sets on Arahsamnu 28 and after 3 days rises on Kislimu 1 1 .,Year 6 inferior Venus rises on Arahsamnu 28 and after 3 days sets on Kislimu 1 .,0
27933,"Born in Athens , Greece , he grew up in New York City and then in North Grafton , Massachusetts .","He was born in New York City , and grew up in Athens , Greece , and then North Grafton , Massachusetts .",0
43607,"In his own autobiography `` Long Walk to Freedom '' , Nelson Mandela mentions James Gregory in two cases : the first one during his imprisonment in Pollsmoor :","In his own autobiography , `` Long Walk to Freedom '' , James Gregory mentions Nelson Mandela in two occasions . The first was during his imprisonment in Pollsmoor :",0
4615,"When Edward II , on July 7 , 1307 , succeeded his father , Edward I , the attitude of his subjects was generally one of goodwill towards her new king .","When Edward I succeeded his father Edward II on 7 July 1307 , the attitude of his subjects was generally one of goodwill toward their new king .",0
7692,Falconbridge Ltd. was taken over by Swiss mining company Xstrata in 2006 .,"In 2006 , Xstrata was taken over by the Swiss mining company Falconbridge Ltd..",0
175,"To create the map for Hoth , the designers received as much source material as possible from `` The Empire beats back '' to develop an authentic reproduction .","To develop the map for Hoth , the designers obtained as much source material from `` The Empire Strikes Back '' as possible so to create an authentic reproduction .",0
48947,The results of a clinical trial in people with untreatable metastases from various solid tumors were published in `` Science '' in 2017 .,Results of a clinical trial in people with various solid metastases arising from untreatable tumors were published in `` Science '' in 2017 .,0
3211,This time the vocals were mastered by Matti Auerkallio and the EP by Pirkka Rännäli was performed .,This time the vocals were presented by Matti Auerkallio and the EP by Pirkka Rännäli was mastered .,0
30839,Scott and Short then traveled overland to the Kentucky River to investigate the land they would later claim .,Then Scott and Short traveled overland to the Kentucky River to claim the land that they would investigate later .,0
14383,One night Rick contacts Maddy and informs her about Jill 's sudden death .,"One night , Rick contacts Jill and informs her about Maddy 's sudden death .",0
37201,"In 1516 , the Mundy family owned the manor house of Allestree until Francis Noel Clarke Mundy sold it to Thomas Evans in 1781 .","In 1516 , the Mundy family owned the manor house of Allestree until Thomas Evans sold it to Francis Noel Clarke Mundy in 1781 .",0
22925,"In March 1977 , Hannah retired and died the following year .",Hannah died in March 1977 and went retired the following year .,0
3927,"Helena Suková won 7 -- 6 , 7 -- 6 against Brenda Schultz in the final .","Brenda Schultz won 7 -- 6 , 7 -- 6 against Helena Suková in the final .",0
9609,Only the Sara of the south was governed effectively ; French presence in the Islamic north and east was nominal .,"Only the sara of the south was governed effectively , the nominal presence in the French north and east was Islamic .",0
26897,"On 20 November 1852 , he married Frederik Due . He was the brother-in-law of Maria Soane .","On November 20 , 1852 , he married Frederik Due , he was the brother of Maria Soane .",0
29279,"Babbar Khalsa is listed as a terrorist organisation by the United States , the EU , Canada , India , and the United Kingdom .","Babbar Khalsa is performed by the United States , the EU , Canada , India and the United Kingdom as a terrorist organisation .",0
3730,The Quechua variety spoken in Arequipa is Cusco -- Collao Quechua .,"Quechua 's variety , spoken in Cusco , is Arequipa -- Collao Quechua .",0
9923,Seleucus was a wealthy Christian Roman Senator of Greek descent who lived in the first half of the 4th century and second half of the 5th century .,"Seleucus was a wealthy Christian Roman senator of Greek descent , who lived in the second half of the 4th century and the first half of the 5th century .",0
39412,"He was born in Bukan , Iran , but came to Kristiansand in 1997 , Norway .","He was born in Kristiansand , Norway , but arrived in 1997 to Bukan , Iran .",0
37478,She was the first professional female painter and the first feminist writer in Korea .,She was the first feminist painter and the first female professional writer in Korea .,0
45891,"The town typically has mild winters , cold and snowy summers .","The town has typically cold , snowy winters and mild summers .",0
3897,Probably the best-known version of the song was produced by Dick Rowe and recorded in the UK by The Stargazers in 1953 .,The best-known version of the song was recorded by Dick Rowe and produced in 1953 in England by The Stargazers .,0
48198,"Due to the results in the last round , Gianni Morbidelli received + 30 kg , Andrea Belicchi + 20 kg and Jordi Gené + 10 kg .","Due to the results obtained in the previous round , Gianni Morbidelli received + 30 kg , Jordi Gené + 20 kg and Andrea Belicchi + 10 kg .",0
17264,`` Son of Coma Guy '' is the third episode of the seventh season of `` House '' and the fifty-third episode in total .,`` Son of Coma Guy '' is the seventh episode of the third season of `` House '' and the fifty-third episode overall .,0
14680,"He followed in 1995 -- 2003 Jenny McGhee Edwards , from 2003 -- 2007 Larry Kearney and from 2007 -- 2015 Elic Senter .",He was followed by Larry Kearney from 1995 -- 2003 by Jenny McGhee Edwards in 2003 -- 2007 and by Elic Senter from 2007 -- 2015 .,0
18364,The politician and entrepreneur Kuno Pajula ( 1885 -- 1942 ) and former Archbishop Juhan Kukk ( 1924 -- 2012 ) were born in Käru .,Politician and entrepreneur Juhan Kukk ( 1885 - 1942 ) and former Archbishop Kuno Pajula ( 1924 -- 2012 ) were born in Käru .,0
30066,"However , the Georgian language is the singular form when the quantity is specified , so , in practice the plural of `` tetri '' uses just `` tetri '' .","The Georgian language , however , uses the singular form when the number is specified , so in practice the plural of `` tetri '' is only `` tetri '' .",0
13006,"When synthetic pins are hit by the ball , they usually sound different from wooden pins .","When hit by the ball , wooden pins usually sound different from synthetic pins .",0
44365,"Panthro is renamed `` Pantro '' in the Spanish version , `` Pantor '' in the German version , and `` Pantéro '' in the French version .","Panthro is renamed in the Spanish version in `` Pantro '' , in the English version `` Pantor '' and in the French version `` Pantéro '' .",0
36705,Different reactions take place on the surface of a catalyst of a heterogeneous phase .,Reactions that take place on the surface of a catalyst of a different phase are also heterogeneous .,0
7474,"It is situated 3 km northwest of the river Alfeios , 8 km southwest of Dimitsana , 10 km northeast of Andritsaina and 12 km northeast of Karytaina .","It is 3 km northeast of the river Alfeios , 8 km southwest of Dimitsana , 10 km northeast of Andritsaina and 12 km northwest of Karytaina .",0
43424,The episode was written by Bill Wrubel and was directed by Lev L. Spiro .,The episode was written by Lev L. Spiro and directed by Bill Wrubel .,0
48531,"The team 's statistical leaders included Kyle Boller , with 1,741 passing yards , Charon Arnold with 688 Rushing Yards , and Terrell Williams with 606 reception - Yards .","The team 's statistical leaders included Kyle Boller with 1,741 passing yards , Terrell Williams with 688 rushing yards , and Charon Arnold with 606 receiving yards .",0
14251,"Helmut Groß was the mayor of Tengen from 1973 to 2015 , and his successor was Marian Schreier .","From 1973 to 2015 , Marian Schreier was Mayor of Tengen , his successor is Helmut Groß .",0
23854,Nora Navarro was born as the second of six children of the physician Winifredo Santos and María Rosario Santos y Navarro .,"María Rosario Santos y Navarro was born the second of six children of Winifredo Santos , a physician , and Nora Navarro .",0
10463,"On August 20 , 2012 , the video hosting service was automatically shut down and the remaining Google Video content was ultimately moved to YouTube .","On August 20 , 2012 , the video hosting service was finished and the remaining Google Video content was automatically moved to YouTube .",0
3244,They typically consist of small units -- each with two large heavy chains and two basic structural light chains .,They are typically made of basic structural units -- each with two large heavy chains and two small light chains .,0
39939,"He has introduced a new form of Expressionism , based on Persian motives and its Oriental moods .",He has introduced a new form of expressionism based on oriental motives and its Persian moods .,0
23338,"Eoacmaea chamorrorum is a species of sea snail , a true limpet , a marine gastropod mollusk in the Eoacmaeidae family , one of the families of the true limpets .","Eoacmaea chamorrorum is a species of sea snail , a true limpet , a true gastropod mollusk in the Eoacmaeidae family , one of the families of the Marine limpets .",0
1892,Vivek Ranadive brought together a group led by Kevin Johnson to hold the team in Sacramento .,Kevin Johnson brought together a group led by Vivek Ranadive to retain the team in Sacramento .,0
1270,Dotty was born in 1923 in Gloucester and died in Boston in 2014 .,Dotty was born in Boston in 1923 and died in Gloucester in 2014 .,0
7497,Exact numbers up to The cold growth rate of cold numbers remains unknown .,Cold numbers up to The exact growth rate of the cold numbers remains unknown .,0
1660,The JieT is a tributary of the River Mija Mică in Romania .,The Mija Mică River is a tributary of the River Jieţ in Romania .,0
39781,"Major competitors of Tata Steel include ArcelorMittal , Essar Steel , Jindal Steel and Power , JSW Steel , SAIL and VISA Steel .","Major competitors of VISA Steel include ArcelorMittal , Essar Steel , Jindal Steel and Power , Tata Steel , SAIL and JSW Steel .",0
4428,"Born Chloe Wang in Chicago , Illinois , Chloe Bennet is the daughter of Bennet Wang , an investment banker , and Stephanie Crane , an internist .","Chloe Wang was born in Chicago , Illinois , Chloe Bennet , the daughter of Bennet Wang , an investment banker , and Stephanie Crane , an internal .",0
14914,"Pennypacker , born in Pennsylvania , moved shortly after the turn of the twentieth century to New York City before moving to Southampton , New York , on Long Island .","Pennypacker , born in Southampton , New York , moved shortly after the turn of the twentieth century to Pennsylvania before moving to New York City on Long Island .",0
31392,"Lusaghbyur ( formerly known as Lusakhpyur , also romanized Agbulakh and Agbulag ) is a city in the Lori province of Armenia .","Lusaghbyur ( also romanized as Lusakhpyur ; formerly , Agbulakh and Agbulag ) is a town in the Lori Province of Armenia .",0
1575,It was reported in June that Burke had signed a record deal with Syco and the album is handled jointly by RCA Records and RCA Records .,It was reported in June that Burke has signed a record contract with RCA Records and the album will be handled jointly by Syco and RCA Records .,0
6471,A third radio version was broadcast by the BBC in May 2008 with Wilton again as Duff and the author playing Beth .,A third radio version was played by the BBC with Wilton as Beth and the author Duff in May 2008 .,0
34771,"In 1406 he had the Juliana Anicia Codex of Dioscurides restored , rebound , and a table of contents and extensive scholia added in Byzantine Greek minuscule .","In 1406 he had added the Juliana Anicia Codex of Dioscurides , rebound and a table of contents and minuscule scholia in Byzantine Greek comprehensively restored .",0
22638,"He was the father of historian Peyton C. March and General Francis Andrew March , the chief of staff of the United States Army during World War I .","He was the father of historian Francis Andrew March and General Peyton C. March , the chief of staff of the United States Army during World War I .",0
23352,The music of Kalia is penned by Wajahat Attre with lyrics composed by Waris Ludhianvi and Khawaja Pervez and singers are Noor Jehan and Naheed Akhtar .,The music from Kalia is composed by Wajahat Attre with texts by Waris Ludhianvi and Khawaja Pervez and singers are Noor Jehan and Naheed Akhtar .,0
23687,"Võhma is a village in Lääneranna Parish , Pärnu County , in western Estonia .","Võhma is a village in the Lääneranna parish , Estonia , in western Pärnu County .",0
26167,"Incumbent Democrat Chuck Robb ran for a third term , but lost to Republican George Allen .","The established Republican George Allen ran for a third term , but lost to Democrat Chuck Robb .",0
27176,Seon is a municipality in the district of Lenzburg in the canton of Aargau in Switzerland .,"Seon is a municipality in the Aargau district of the canton of Lenzburg , Switzerland .",0
32026,He was displaced soon after by Colin Hudson and later Johnny Watkins on the Cardiff side .,"However , he was driven out in the Cardiff side , soon after by Johnny Watkins and later Colin Hudson .",0
29137,"The canonical choice for ( `` m '' , `` n '' ) is chosen so that `` n '' is positive and that is .","The positive choice for ( ( `` m '' , `` n '' ) ) is chosen so that `` n '' is canonical and , i.e .",0
21762,"Its current chairman is Henry Butler , and its district manager is Richard Flateau .","Its current chairman is Richard Flateau , and its district manager is Henry Butler .",0
151,For a few years Daniel went to the same school as Björn Dixgård ; at the age of fifteen he founded a band called Butler together with Björn .,For a few years Björn went to the same school with Daniel and founded a band called Butler with Björn Dixgård at the age of fifteen .,0
20899,"Ogle County , Illinois is located in Mount Morris Township .","Mount Morris Township is located in the Ogle County , Illinois .",0
7635,"Evariste Baizeau ( June 3 , 1821 - Nantes , February 6 , 1910 ) was a French military physician .","Anacharsis Evariste Baizeau ( 3 June 1821 , Nantes -- 6 February 1910 , Paris ) was a French military physician .",0
2255,It then crosses over the Washita River arm of Lake Texoma .,It crosses then the Lake Texoma arm of the Washita River .,0
33811,Lytton was Emma Watson 's double in the film `` Harry Potter and the Chamber of Secrets '' .,Emma Watson was Lytton 's doppelgänger in the film `` Harry Potter and the Chamber of Secrets '' .,0
6677,In 1963 Kjeld Deichmann died suddenly and Erica closed the studio and gave up the pottery art .,"In 1963 , Erica died suddenly and Kjeld Deichmann closed the studio and gave up the pottery art .",0
17332,"Following the independence of Tavush Province in 1991 , Ijevan became the administrative centre of the newly founded Armenia as per the provincial reforms of 1995 .","Following the independence of Armenia in 1991 , Ijevan became the provincial centre of the newly founded Tavush province after the administrative reforms of 1995 .",0
28129,"In the miniseries '' Hemingway `` from 1988 with Stacy Keach , Duff Twysden was played by Fiona Fullerton .","In the 1988 miniseries `` Hemingway '' , starring Fiona Fullerton , Duff Twysden was played by Stacy Keach .",0
46418,The screenplay by Robert Carrington and Jane - Howard Carrington is based on the 1966 play by Frederick Knott .,The screenplay by Frederick Knott and Jane-Howard Carrington is based on the 1966 play by Robert Carrington .,0
7346,"However he criticised the Conservative campaign , `` some of the misrepresentations by the other candidate had not been cricket . ''","However , he criticized the other campaign , `` some of the misrepresentations by the conservative candidate had not been cricket .",0
3046,"In April 2011 , Aa left Akari Saho .",Aa Akari Saho left in April 2011 .,0
43168,"My Brother Is a Dog is a 2004 film directed by Peter Timm and starring Maria Ehrich , Martin Lindow and Christine Newbauer .","My brother is a dog is a film directed by Peter Timm and Christine Newbauer , Martin Lindow and Maria Ehrich from 2004 .",0
9239,The word nanosecond is formed by the prefix `` nano '' and the base is a second second time unit or a sixtieth of a second .,The word nanosecond is formed by the prefix `` nano '' and the second one is second a basic unit of time or a sixtieth of a second .,0
14808,The flood pulse concept is a theory that the annual flood pulse is the most important aspect and the most biologically productive feature of a river 's ecosystem .,The concept of flood pulse is a theory that the annual flood pulse is the most productive aspect and the biologically most important feature of the ecosystem of a river .,0
26194,The boat has an average PHRF racing handicap of 183 with a depth of 198 and a high of 180 .,The boat has a PHRF racing average handicap of 183 with a high of 198 and low of 180 .,0
26169,It is located about five miles southeast of Jerseyville and about seven miles northwest of Godfrey along US Highway 67 .,It is located about five miles northwest of Jerseyville and about seven miles southeast of Godfrey along the US Highway 67 .,0
1467,"Born in Albury , she grew up in Melbourne and went to Sydney in the 1930s to study nursing .","Born in Sydney , she grew up in Albury and in the 1930s went to Melbourne to study nursing .",0
5311,The unit was armed and equipped by the Imperial Remount department and used by the Natal - volunteer department .,The unit was armed and equipped by the Imperial Remount Department and horsed by the Natal Volunteer Department .,0
12568,During religious persecutions he came to Serbian Šajkaši in Komárom as a renowned speaker ( `` slavni propovednik '' ) in 1739 .,"In 1739 , during renowned persecutions , he came as a religious speaker ( `` slavni propovednik '' ) to live among the Serbian Šajkaši in Komárom .",0
9368,Ayalathe Adheham is a 1992 suspense Malayalam film directed by Sasidharan Arattuvazhi and written by Rajasenan .,Ayalathe Adheham is a Suspense Malayalam film staged by Rajasenan in 1992 and written by Sasidharan Arattuvazhi .,0
28546,These predictive functions are referred to as pedo-transfer functions in a non-spatial context .,These pedo-transfer functions are referred to as predictive functions in a non-spatial context .,0
5494,The last Every Morning `` track is the acoustic guitar version of the first track '' Morning `` .,"The first track , `` Every Morning '' is the acoustic guitar version of the last track `` Morning '' .",0
520,"Another Marston company product line started in 1931 , with marine outboard engines first marketed as Marston Seagull , later known as British Seagull .","Another Marston Company product line started in 1931 , with Marine - outboard engines first as Marston Seagull , later marketed as British Seagull .",0
6742,Skujaine is a village in Latvia and Dobele municipality in the historic region of Zemgale and the Zemgale Planning Region in Penkule Parish .,Skujaine is a village in the municipality of Penkule and Dobele municipality in the historical region of Zemgale and the Zemgale Planning Region in Latvia .,0
15638,"In 1956 , Charlotte Popescu married Julian Popescu and had four children , including Christine , who also wrote child pony books .","Christine married Julian Popescu in 1956 and had four children , including Charlotte Popescu , who also wrote children 's pony books .",0
18055,He won the 11th place in the Sandown 500 with Tony Longhurst and 13th with Nathan Pretty in the Bathurst 1000 .,He won the 13th place in the Sandown 500 with Tony Longhurst and 11th with Nathan Pretty in the Bathurst 1000 .,0
41421,"In 1791 , Hamilton returned to Dublin , where he died , and in 1796 he painted the Irish revolutionary Lord Edward Fitzgerald .","In 1791 Edward Fitzgerald returned to Dublin , where he died . In 1796 he painted Lord Hamilton , the Irish revolutionary .",0
11307,He was inherited among the leaders in stranded runners at 51 .,He was stranded by 51 among the leaders in inherited runners .,0
44511,The place was opened by President Alexander Lukashenko and Lao President Choummaly Sayasone on 2 July 2013 during a ceremony at the square .,The square was opened on 2 July 2013 by President Choummaly Sayasone and Laotian President Alexander Lukashenko during a ceremony at the square .,0
35457,The Mine Letneye is a large copper mine in the south-west of Russia in the Orenburg region .,The Mine Letneye is a large copper mine in the south-west of the Oblast Orenburg in Russia .,0
42766,"Throughout the 2017 season , the Cornell Big Red have won 649 games , 529 games bound and 33 regular season games lost .","The Cornell Big Red have won 649 games during the 2017 season , 529 games lost and 33 regular season games bound .",0
9503,`` Myles C. Fox '' reached Yokosuka on September 23 and left San Diego on October 8 .,"On 23 September , Myles C. Fox left Yokosuka and reached San Diego on October 8 .",0
8842,"In 1997 , he co-founded Equicore Beteiligungs GmbH and founded Freiburger Vermögensmanagement GmbH in 1998 .",In 1997 he founded Equicore Beteiligungs GmbH and founded Freiburger Vermögensmanagement GmbH in 1998 .,0
7840,"Kemal Sunal was married to Gül Sunal and he had two children , Ali and Ezo Sunal .","He was married to Gul Sunal and had two children , Kemal Sunal and Ezo Sunal .",0
10052,This circuit is said to have appeared in the earliest evolution of the invertebrate brain and corresponds to the reptilian brain of the triune - brain theory .,This circuit is said to have appeared in the earliest evolution of the reptilian brain and corresponds to the triune brain of invertebrate brain theory .,0
12802,The Botizu River is the tributary of the Scridoasa River in Romania .,The river Scridoasa is a tributary of the Botizu River in Romania .,0
33047,"The `` National Post '' and Warman apologized , retracted the statement and started with Kay out of court .","The `` National Post '' and Kay apologized , retracted the statement and settled out of court with Warman .",0
43317,"From 1516 , the Mundy family had the manor house of Allestree until Thomas Evans sold it to Francis Noel Clarke Mundy in 1781 .","In 1516 , the Mundy family owned the manor house of Allestree until Francis Noel Clarke Mundy sold it to Thomas Evans in 1781 .",0
32451,"Peter Mortimer , his elder brother Steve Mortimer and his younger brother , Chris Mortimer , played together in four grand finals .","Chris Mortimer , his older brother Peter Mortimer and younger brother Steve Mortimer played in four Grand Finals together .",0
46064,Li 's husband became Singapore 's ambassador to Thailand in 1967 .,"In 1967 , Singapore 's husband became ambassador to Thailand .",0
22266,He lived for twenty years in San Antonio and returned to New York City in May 2005 .,He lived in New York City for twenty years and returned in May 2005 to San Antonio .,0
5145,"She finds new creative hope and friendship in Enzo , the replacement guitarist who inspires her to reach new heights .","In Enzo , the replacement guitarist who inspired her to new creative heights , she finds new hope and friendship .",0
598,"Upstream is the decommissioned Michigan Central Railway Bridge , which with its predecessor , the Niagara Cantilever Bridge , competed with the Rapids Bridge whirlpool for rail transport .","Upstream is the decommissioned Michigan Central Railway Bridge , which competed with its predecessor , the Rapids Bridge whirlpool , with the Niagara Cantilever Bridge for railway traffic .",0
41777,"The Georgian language , however , uses the singular form when the quantity is specified , so in practice the plural of `` tetri '' is just `` tetri '' .","However , the Georgian language is the singular form when the quantity is specified , so that in practice the plural of `` tetri '' only uses '' tetri `` .",0
5238,"He married Agnes Theodora Walther , the daughter of Vagn Petersson , in 1881 and his son is the botanist and sketch artist Vilhelm Theodor Walther .","In 1881 he married Agnes Theodora Walther , the daughter of Vilhelm Theodor Walther , and his son is the botanist and outliner of Vagn Petersson .",0
3781,"He won third place at the Parapan American Games in Guadalajara , Mexico in 2011 and another third place at the International Tournament of Champions in Charlotte , USA .","In 2011 , he won third place at the Parapan American Games in Charlotte , USA , and another third place at the International Tournament of Champions in Mexico ’ s Guadalajara .",0
7099,Stefan Stefan would animate the `` Skumps '' sequence between Kings Hubert and John Lounsbery .,John Lounsbery would animate the `` Scumps '' sequence between Kings Hubert and Stefan .,0
3117,"Cardinal Mazarin married Anne Marie Martinozzi , daughter of Girolamo Martinozzi and Laura Margherita Mazzarini , the eldest sister of Armand , and had the following children :","Armand married Anne Marie Martinozzi , the daughter of Girolamo Martinozzi and Laura Margherita Mazzarini , elder sister of Cardinal Mazarin . They had the following children :",0
12944,"On 25 April 2016 , Robinson was traded for Jamar Howard to Portland Steel .","On 25 April 2016 , Jamar Howard was traded for Robinson at the Portland Steel .",0
33191,The area has a large amount of sunshine year round due to its stable descending air and high pressure .,The area has a large amount of sunshine all year round due to its high descending air and stable pressure .,0
7678,"In 1997 , she appeared as Sheila Dixon in `` Coronation Street , and in 1998 as Naomi Russell .","In 1997 , she appeared as Naomi Russell in `` Coronation Street '' and in 1998 as Sheila Dixon .",0
6131,The song was written and composed by Gala produced by Filippo Andrea Carmeni and Maurizio Molella .,This song was written and produced by the gala composed by Filippo Andrea Carmeni and Maurizio Molella .,0
17715,See also list of finite abelian groups for small groups of order 30 or less .,See also a list of small groups for finite Abelian groups of order 30 or less .,0
43756,He was the brother of the actor Barry Lupino ( 1882 - 1962 ) and father of Ida Lupino .,He was the brother of the actor Ida Lupino ( 1882 -- 1962 ) and father of Barry Lupino .,0
28993,"Amun passes closest to Venus , and in 1964 , 2034 , and 2103 comes within 10 Gm of it .","Amun comes closest to Venus and passes by in 1964 , 2034 and 2103 within 10 Gm .",0
6436,"Ben Gage was the pianist , and Paulena Carter was a singer and the announcer .","The pianist was Paulena Carter , and Ben Gage was singer and announcer .",0
1719,The Buda River is a tributary of the Râmnicul Sărat in Romania .,The Râmnicul Sărat River is a tributary of the Buda River in Romania .,0
7721,Premalignant lesions are apparently a typical tissue that appears abnormal in microscopic examination and in which cancer is more likely than its morphologically normal counterpart .,"Premalignant lesions are morphologically atypical tissue which appears abnormal under microscopic examination , and in which cancer is more likely to occur than in its apparently normal counterpart .",0
3055,"The milder version , however , was skipped in favor of the original edition .","The original version , however , was skipped in favor of the mild output .",0
1114,"The breed standard describes the dog as a strong temperament and a sharp individuality , distrustful of strangers .","The breed standard describes the dog as having a sharp temperament and strong individuality , distrustful of strangers .",0
29640,"The completed action plan , published on 3 March 2006 , will be placed by ministerial members of the Task Force directly in the hands of other ministers .","The fully completed action plan , published on 3 March 2006 , will be placed directly in the hands of the Ministers for Ministers by other members of the task force .",0
46288,One of the advantages of qualitative research as a whole over the quantitative is its flexibility .,One of the advantages of quantitative research as a whole over the qualitative is its flexibility .,0
23208,Marianne is found guilty of the fire in hotel `` Ter Smissen '' and the dead of Freddy .,Freddy is found guilty of fire at Hotel `` Ter Smissen '' and the dead of Marianne .,0
3283,"Almost all of the people in An Phu had to be evacuated ( mainly to the Cho Moi , Phu Tan district ) .","Almost all the people in the Phu Tan district had to be evacuated ( mainly to Cho Moi , An Phu ) .",0
40033,"There are nine primary schools , 16 secondary schools and two schools for special education .","There are nine secondary schools , 16 primary and two schools for special schools .",0
11489,"In 1993 , he graduated from Kuban State University as a philologist and teacher of the Russian language , the same university as a lawyer in 1995 .","In 1993 he graduated from the Kuban State University as a philologist and teacher of the same language , in 1995 , the Russian University as a lawyer .",0
8403,"In the third film , the fat lady of Elizabeth Spriggs is played , and by Dawn French in the first film .","In the first film , the fat lady of Elizabeth Spriggs and Dawn French is played in the third film .",0
15879,"The current senator , representing the 22nd district , is Stuart Adams .",The 22nd State Senator representing the current district is Stuart Adams .,0
22430,Critical Millennium is a 2010 graphic novel published by Archaia Studios Press . It is written by Andrew E. C. Gaska and illustrated by Daniel Dussault,"Critical Millennium is a novel published by Archaia Studios Press in 2010 , written by Daniel Dussault and illustrated by Andrew E. C. Gaska .",0
10931,"The position of the opposition leader was essentially informal throughout the nineteenth century , with formal recognition only being granted in the early twentieth century .","The position of the opposition leader was essentially informal in the whole of the twentieth century , with formal recognition only being granted in the nineteenth century .",0
5360,"Arthur Charles Bannington ( died 1951 ) , sometimes known as Charlie Bannington , was a British political activist .","Charlie Bannington ( died in 1951 ) , sometimes known as Arthur Charles Bannington , was a British political activist .",0
4867,"In August 2017 , Team Prakash Raj joined the team to play the role of producer Aluri Chakrapani .","Aluri Chakrapani also joined the team in August 2017 , to allegedly play the role of producer Prakash Raj .",0
41822,It begins near the western extremities of the Central Oregon Coast Range and flows generally west to the ocean south of Depot Bay and north of Otter Rock .,It begins near the western extremities of the Central Oregon Coast Range and flows south to the sea in general west of Depot Bay and north of Otter Rock .,0
502,Helena Township is a civil community of Antrim County in the U.S. state of Michigan .,Antrim County is a bourgeois township of Helena Township in the U.S. state of Michigan .,0
42313,"After leaving Wingfield Manor , Mary was taken by her new gaoler Sir Ralph Sadler to Sheffield in Derbyshire and then to Tutbury .","After leaving Sheffield , Mary was transferred from her new Gaoler Sir Ralph Sadler to Wingfield Manor in Derbyshire and then to Tutbury .",0
11013,"After his death , the widow of Kellow Mary Hope Kellow with her daughter Mary moved to Sydney .","After his death , the widow of Kellow Mary with her daughter Mary Hope Kellow moved to Sydney .",0
18608,"It is affiliated with American Baptist Churches USA , the Cooperative Baptist Fellowship and the Southern Baptist Convention , and supports the work of the Baptist World Alliance .","It is linked to the American Baptist Churches USA , the Southern Baptist Convention and the Baptist World Alliance and supports the work of the Cooperative Baptist Fellowship .",0
35448,The system moved west and passed north of Saipan near Guam on October 16 at around 0600 UTC .,The system moved on October 16 at 0600 UTC to the west and passed north of Guam near Saipan .,0
19787,His admiral had the request until it was too late and `` Conte di Cavour '' inserted a veto to use a deeper sandbank on November 12 at 04 : 30 .,"His admiral vetoed the request until it was too late and `` Conte di Cavour '' had to use a deeper , , sandbank at 04 : 30 on 12 November .",0
4019,"In November 2007 , Jaime Nubiola endorsed Joseph Ransdell 's view that `` It is simply a mystery at this point '' .","In November 2007 , Joseph Ransdell advocated Jaime Nubiola 's view that `` at this point it is simply a mystery '' .",0
3750,"There were others who thought I did , but we could not speak .","There were others who did as I thought , but we could not speak .",0
38796,"The casting includes Cecile Andrews as host and Wanda Urbanska , author of `` Circle of Simplicity '' .","The cast includes Wanda Urbanska as host and Cecile Andrews , author of `` Circle of Simplicity '' .",0
454,"In 2002 CRLA was awarded the Domestic Human Rights Award by Global Exchange , and international NGO based in San Francisco .","In 2002 , the Global Exchange was awarded the Domestic Human Rights Award by CRLA and the international NGO based in San Francisco .",0
3412,Michael Michael Liebel Sr. was 14 years old when his parents came from Erie to Pennsylvania in Germany .,"Michael Liebel Sr. was 14 years old when his parents came to Erie , Pennsylvania from Germany .",0
15721,The remixes for the song were written by Gloria Estefan 's personal remixer Pablo Flores and Tommy Musto .,The remixes for the song were made by Pablo Flores 's personal remixer Tommy Musto and by Gloria Estefan .,0
6873,"Rastafarian writer , dub poet and British Jamaican Benjamin Zephaniah described the group of women as","The British Jamaican writer , Dub - poet and Rastafari Benjamin Zephaniah described the group of women as",0
32136,"Sabirabad is a village and municipality in Jalilabad - Rayon of Azerbaijan . It has a population of 3,577 .","Jalilabad Rayon is a village and municipality in the Sabirabad of Azerbaijan . It has a population of 3,577 .",0
513,King Kong : Jean-Luc Ponty is the Music of Frank Zappa ( or simply King Kong ) Plays an album by French .,King Kong : Jean - Luc Ponty plays the music by Frank Zappa ( or simply King Kong ) is an album of French ones,0
249,The album contains a remix of the material that was originally mixed by Nurse With Wound and was released in 2007 as a Disconnected .,The album contains remix of the material that was originally released by Nurse With Wound and mixed as Disconnected in 2007 .,0
42759,The Vânăta river is a tributary of the River Milotina in Romania .,The Milotina River is a tributary of the Vânăta River in Romania .,0
32056,"On February 17 , 2015 , Starlin teamed with Universal Cable Productions to adapt Dreadstar as a scripted TV series with Chris Bender and J. C. Spink as producers .","On February 17 , 2015 , Chris Bender teamed up with Universal Cable Productions to adapt Dreadstar as a screenplay - TV - series with Starlin and J. C. Spink as producers .",0
5342,"Through Craven , the river Aire and the river Wharfe flow to the east to the North Sea , and the Ribble and the Wenning River flow west into the Irish Sea .",Through Craven the River Aire and River Wharfe flow west to the River Ribble ; and the North Sea and River Wenning flow east to the Irish Sea .,0
45419,Bland left Philadelphia a week later and met in Valparaíso on 29 October 1818 .,"Bland left Valparaiso a week later and arrived in Philadelphia on October 29 , 1818 .",0
3559,"Here , codice _ 14 represents an empty tree , codice _ 15 contains a piece of data , and codice _ 16 organizes the data into branches .","codice 14 contains an empty tree here , codice 15 represents a data element and codice 16 organizes the data into branches .",0
13068,"He devoted the work to his friend , the violinist Fritz Kreisler , and wrote to another friend , the composer Nikolai Medtner , on December 21 , 1931 :","Rachmaninoff dedicated the work to his friend the violinist Nikolai Medtner . He wrote to another friend , the composer Fritz Kreisler , on 21 December 1931 :",0
6902,"In 2014 , the festival was held again in the South Street Seaport at Webster Hall .","In 2014 , the festival was once more held at the Webster Hall , in South Street Seaport .",0
2414,"Together with Sean Kandel and Jeffrey Heer , Joseph M. Hellerstein is Trifacta 's Chief Technical Officer and co-founder .","Sean Kandel , along with Joseph M. Hellerstein and Jeffrey Heer , is the Chief Technical Officer and co-founder of Trifacta .",0
33424,From 1973 to 1974 Aubrey toured with the Cambridge Theatre Company as a diggory in `` She Stoops to Conquer '' and again as Aguecheek .,From 1973 to 1974 Aguecheek toured with the Cambridge Theatre Company as a diggory in `` She Stoops to Conquer '' and again as Aubrey .,0
38220,The Sonata was performed at the Aeolian Hall in London in 1919 by Landon Ronald with Billy Reed at the piano .,"The Sonata was premiered in 1919 by Billy Reed in the Aeolian Hall , London , with Landon Ronald at the piano .",0
1278,"It is used as measure of absorbed dose , specific energy ( mediated ) and kerma ( acronym for kinetic energy released per mass unit ) .","It is used as a measure of absorbed dose , kinetic energy ( released ) , and kerma ( an acronym for specific energy imparted per unit mass ) .",0
6807,He joined the General Committee in 1958 and the Middlesex County Cricket Club Cricket Committee in 1960 .,He entered the Middlesex County Cricket Club Cricket Committee in 1958 and the General Committee in 1960 .,0
40180,The Valea Mică River is a tributary of the River Valea Arsurii in Romania .,The Valea Arsurii River is a tributary of the Valea Mică River in Romania .,0
30119,The album was produced by Jason Suecof and mixed by Colin Richardson .,The album was produced by Colin Richardson and merged by Jason Suecof .,0
19178,"Byron Morrow played in a cameo performance in the episode `` Death Valley Days '' , '' An organ for brother Brigham `` ( 1966 ) .","Byron Morrow played Young in a cameo performance in the episode `` Death Valley Days '' , '' An organ for brother Brigham `` ( 1966 ) .",0
26646,"If one of them caught the trap , they automatically won and their opponent lost the round , along with the prizes they had already chosen .","If one of them picked the trap , they automatically lost and their opponent won the round , along with whatever prizes they had already chosen .",0
13902,Jumping is a parachuting or wingsuit flying from a fixed structure or cliff .,"Jumping , flying or wingsuit parachuting from a fixed structure or cliff .",0
25107,"He also continued in this position when Winston Churchill came to power in 1940 , and was then Churchill 's general postmaster between 1943 and 1945 .","He continued in this post then when Winston Churchill came to power in 1940 , and was also Postmaster General under Churchill between 1943 and 1945 .",0
26,"Laura Myntti was born in Salt Lake City and lived in Sioux City , Iowa and San Diego before settling in Minnesota in 1968 .","Born in Minnesota , Laura Myntti lived in Sioux City , Iowa and San Diego , before settling in Salt Lake City in 1968 .",0
46803,"In versions of the Renaissance , Ogier travels to the Avalon ruled by Morgan le Fay and eventually becomes King Arthur 'apos ; Parade .","In versions of the Renaissance , Ogier travels to the Avalon governed by King Arthur and eventually becomes Morgan le Fay 's Paramour .",0
